# Every Ukrainian word with an apostrophe in Helium314's list (wordlists_experimental/main_uk.combined,
# CC BY 4.0, https://codeberg.org/Helium314/aosp-dictionaries), all at 70: just above uk.txt's
# floor of 69, so each is known, completed and restored ("розвязок" to "розв'язок") but never
# outranks an everyday word. The source's own frequencies for these words are flat (almost all
# 10) or shared across a family of forms, so they are not used; the everyday ones have their own
# tiers in uk-everyday.tsv. Generated by scripts/uk-apostrophe-words.py, never hand-edited.
# Merged into uk.txt by
#   scripts/build-wordlist.py app/src/main/assets/dictionaries/uk.txt app/src/main/assets/dictionaries/uk.txt --floor 0 \
#     --boost scripts/wordlists/uk-everyday.tsv --boost scripts/wordlists/uk-apostrophe.tsv
Амудар'ю	70
Амудар'я	70
Амудар'єю	70
Амудар'ї	70
Бар'яхтар	70
Бар'яхтара	70
Бар'яхтаре	70
Бар'яхтарові	70
Бар'яхтаром	70
Бар'яхтару	70
Бар'яхтарі	70
Богоматір'ю	70
В'ятка	70
В'ятки	70
В'яткою	70
В'ятку	70
В'ятці	70
В'ячеслав	70
В'ячеслава	70
В'ячеславе	70
В'ячеславович	70
В'ячеславовича	70
В'ячеславовичам	70
В'ячеславовичами	70
В'ячеславовичах	70
В'ячеславовичеві	70
В'ячеславовичем	70
В'ячеславовичу	70
В'ячеславовичі	70
В'ячеславовичів	70
В'ячеславові	70
В'ячеславом	70
В'ячеславу	70
В'ячеславі	70
В'ячеславівна	70
В'ячеславівни	70
В'ячеславівно	70
В'ячеславівною	70
В'ячеславівну	70
В'ячеславівні	70
В'єтнам	70
В'єтнамові	70
В'єтнамом	70
В'єтнаму	70
В'єтнамі	70
Дем'ян	70
Дем'яна	70
Дем'яне	70
Дем'янович	70
Дем'яновича	70
Дем'яновичам	70
Дем'яновичами	70
Дем'яновичах	70
Дем'яновичеві	70
Дем'яновичем	70
Дем'яновичу	70
Дем'яновичі	70
Дем'яновичів	70
Дем'янові	70
Дем'яном	70
Дем'яну	70
Дем'яні	70
Дем'янівна	70
Дем'янівни	70
Дем'янівно	70
Дем'янівною	70
Дем'янівну	70
Дем'янівні	70
Держкомзв'язку	70
Знам'янка	70
Знам'янки	70
Знам'янкою	70
Знам'янку	70
Знам'янці	70
Кас'ян	70
Кас'яна	70
Кас'яне	70
Кас'янович	70
Кас'яновича	70
Кас'яновичам	70
Кас'яновичами	70
Кас'яновичах	70
Кас'яновичеві	70
Кас'яновичем	70
Кас'яновичу	70
Кас'яновичі	70
Кас'яновичів	70
Кас'янові	70
Кас'яном	70
Кас'яну	70
Кас'яні	70
Кас'янівна	70
Кас'янівни	70
Кас'янівно	70
Кас'янівною	70
Кас'янівну	70
Кас'янівні	70
Лук'ян	70
Лук'яна	70
Лук'яне	70
Лук'янович	70
Лук'яновича	70
Лук'яновичам	70
Лук'яновичами	70
Лук'яновичах	70
Лук'яновичеві	70
Лук'яновичем	70
Лук'яновичу	70
Лук'яновичі	70
Лук'яновичів	70
Лук'янові	70
Лук'яном	70
Лук'яну	70
Лук'яні	70
Лук'янівна	70
Лук'янівни	70
Лук'янівно	70
Лук'янівною	70
Лук'янівну	70
Лук'янівні	70
М'янма	70
М'янми	70
М'янмою	70
М'янму	70
М'янмі	70
Мар'ю	70
Мар'я	70
Мар'яна	70
Мар'яни	70
Мар'яно	70
Мар'яною	70
Мар'яну	70
Мар'яні	70
Мар'янівка	70
Мар'янівки	70
Мар'янівкою	70
Мар'янівку	70
Мар'янівці	70
Мар'є	70
Мар'єю	70
Мар'ї	70
Овер'ян	70
Овер'яна	70
Овер'яне	70
Овер'янович	70
Овер'яновича	70
Овер'яновичам	70
Овер'яновичами	70
Овер'яновичах	70
Овер'яновичеві	70
Овер'яновичем	70
Овер'яновичу	70
Овер'яновичі	70
Овер'яновичів	70
Овер'янові	70
Овер'яном	70
Овер'яну	70
Овер'яні	70
Овер'янівна	70
Овер'янівни	70
Овер'янівно	70
Овер'янівною	70
Овер'янівну	70
Овер'янівні	70
П'ятигорськ	70
П'ятигорська	70
П'ятигорськові	70
П'ятигорськом	70
П'ятигорську	70
П'єр	70
П'єра	70
П'єро	70
П'єрові	70
П'єром	70
П'єру	70
П'єрі	70
Перм'ю	70
Подніпров'ю	70
Подніпров'я	70
Подніпров'ям	70
Подніпров'ї	70
Приазов'ю	70
Приазов'я	70
Приазов'ям	70
Приазов'ї	70
Придніпров'ю	70
Придніпров'я	70
Придніпров'ям	70
Придніпров'ї	70
Придністров'ю	70
Придністров'я	70
Придністров'ям	70
Придністров'ї	70
Прип'яттю	70
Прип'ять	70
Прип'яті	70
Причорномор'ю	70
Причорномор'я	70
Причорномор'ям	70
Причорномор'ї	70
Підмосков'ю	70
Підмосков'я	70
Підмосков'ям	70
Підмосков'ї	70
Рейк'явік	70
Рейк'явіка	70
Рейк'явікові	70
Рейк'явіком	70
Рейк'явіку	70
Середземномор'ю	70
Середземномор'я	70
Середземномор'ям	70
Середземномор'ї	70
Сирдар'ю	70
Сирдар'я	70
Сирдар'єю	70
Сирдар'ї	70
Скоп'є	70
Фур'є	70
Х'ю	70
Х'юго	70
Х'юстон	70
Х'юстона	70
Х'юстонові	70
Х'юстоном	70
Х'юстону	70
Х'юстоні	70
аб'юрацію	70
аб'юрація	70
аб'юрацією	70
аб'юрації	70
автоз'єднанню	70
автоз'єднання	70
автоз'єднанням	70
автоз'єднанні	70
автооб'єднанню	70
автооб'єднання	70
автооб'єднанням	70
автооб'єднаннями	70
автооб'єднаннях	70
автооб'єднанні	70
автооб'єднань	70
автоінтерв'ю	70
авіазв'язкам	70
авіазв'язками	70
авіазв'язках	70
авіазв'язки	70
авіазв'язкові	70
авіазв'язком	70
авіазв'язку	70
авіазв'язків	70
авіазв'язок	70
ад'юнкт	70
ад'юнкта	70
ад'юнктам	70
ад'юнктами	70
ад'юнктах	70
ад'юнкти	70
ад'юнктові	70
ад'юнктом	70
ад'юнктська	70
ад'юнктське	70
ад'юнктський	70
ад'юнктським	70
ад'юнктськими	70
ад'юнктських	70
ад'юнктського	70
ад'юнктському	70
ад'юнктською	70
ад'юнктської	70
ад'юнктську	70
ад'юнктські	70
ад'юнктській	70
ад'юнктськім	70
ад'юнкту	70
ад'юнктуванню	70
ад'юнктування	70
ад'юнктуванням	70
ад'юнктуваннями	70
ад'юнктуваннях	70
ад'юнктуванні	70
ад'юнктувань	70
ад'юнктур	70
ад'юнктура	70
ад'юнктурам	70
ад'юнктурами	70
ад'юнктурах	70
ад'юнктури	70
ад'юнктурою	70
ад'юнктуру	70
ад'юнктурі	70
ад'юнкті	70
ад'юнктів	70
ад'ютант	70
ад'ютанта	70
ад'ютантам	70
ад'ютантами	70
ад'ютантах	70
ад'ютанти	70
ад'ютантка	70
ад'ютанткам	70
ад'ютантками	70
ад'ютантках	70
ад'ютантки	70
ад'ютанткою	70
ад'ютантку	70
ад'ютантові	70
ад'ютанток	70
ад'ютантом	70
ад'ютантств	70
ад'ютантства	70
ад'ютантствам	70
ад'ютантствами	70
ад'ютантствах	70
ад'ютантство	70
ад'ютантством	70
ад'ютантству	70
ад'ютантстві	70
ад'ютантська	70
ад'ютантське	70
ад'ютантський	70
ад'ютантським	70
ад'ютантськими	70
ад'ютантських	70
ад'ютантського	70
ад'ютантському	70
ад'ютантською	70
ад'ютантської	70
ад'ютантську	70
ад'ютантські	70
ад'ютантській	70
ад'ютантськім	70
ад'ютанту	70
ад'ютантці	70
ад'ютанті	70
ад'ютантів	70
амудар'їнська	70
амудар'їнське	70
амудар'їнський	70
амудар'їнським	70
амудар'їнськими	70
амудар'їнських	70
амудар'їнського	70
амудар'їнському	70
амудар'їнською	70
амудар'їнської	70
амудар'їнську	70
амудар'їнські	70
амудар'їнській	70
амудар'їнськім	70
антидиз'юнкцій	70
антидиз'юнкцію	70
антидиз'юнкція	70
антидиз'юнкціям	70
антидиз'юнкціями	70
антидиз'юнкціях	70
антидиз'юнкцією	70
антидиз'юнкції	70
ар'єргард	70
ар'єргардам	70
ар'єргардами	70
ар'єргардах	70
ар'єргарди	70
ар'єргардна	70
ар'єргардне	70
ар'єргардний	70
ар'єргардним	70
ар'єргардними	70
ар'єргардних	70
ар'єргардного	70
ар'єргардному	70
ар'єргардною	70
ар'єргардної	70
ар'єргардну	70
ар'єргардні	70
ар'єргардній	70
ар'єргарднім	70
ар'єргардові	70
ар'єргардом	70
ар'єргарду	70
ар'єргарді	70
ар'єргардів	70
б'ю	70
б'юксфлінт	70
б'юксфлінта	70
б'юксфлінтам	70
б'юксфлінтами	70
б'юксфлінтах	70
б'юксфлінти	70
б'юксфлінтові	70
б'юксфлінтом	70
б'юксфлінту	70
б'юксфлінті	70
б'юксфлінтів	70
б'юсь	70
б'юся	70
б'ють	70
б'ються	70
б'ючи	70
б'ючись	70
б'юік	70
б'юіка	70
б'юікам	70
б'юіками	70
б'юіках	70
б'юіки	70
б'юікові	70
б'юіком	70
б'юіку	70
б'юіків	70
б'є	70
б'ємо	70
б'ємось	70
б'ємося	70
б'єте	70
б'єтесь	70
б'єтеся	70
б'ється	70
б'єф	70
б'єфа	70
б'єфам	70
б'єфами	70
б'єфах	70
б'єфи	70
б'єфові	70
б'єфом	70
б'єфу	70
б'єфі	70
б'єфів	70
б'єш	70
б'єшся	70
баб'яча	70
баб'яче	70
баб'ячий	70
баб'ячим	70
баб'ячими	70
баб'ячих	70
баб'ячого	70
баб'ячому	70
баб'ячою	70
баб'ячої	70
баб'ячу	70
баб'ячі	70
баб'ячій	70
баб'ячім	70
багатооб'єктності	70
багатооб'єктність	70
багатооб'єктністю	70
багатослів'ю	70
багатослів'я	70
багатослів'ям	70
багатослів'ї	70
багатосуб'єктності	70
багатосуб'єктність	70
багатосуб'єктністю	70
багатотрав'ю	70
багатотрав'я	70
багатотрав'ям	70
багатотрав'ї	70
банкомзв'язкам	70
банкомзв'язками	70
банкомзв'язках	70
банкомзв'язки	70
банкомзв'язкові	70
банкомзв'язком	70
банкомзв'язку	70
банкомзв'язків	70
банкомзв'язок	70
бар'єр	70
бар'єра	70
бар'єрам	70
бар'єрами	70
бар'єрах	70
бар'єри	70
бар'єрист	70
бар'єриста	70
бар'єристам	70
бар'єристами	70
бар'єристах	70
бар'єристи	70
бар'єристка	70
бар'єристкам	70
бар'єристками	70
бар'єристках	70
бар'єристки	70
бар'єристкою	70
бар'єристку	70
бар'єристові	70
бар'єристок	70
бар'єристом	70
бар'єристу	70
бар'єристці	70
бар'єристі	70
бар'єристів	70
бар'єрна	70
бар'єрне	70
бар'єрний	70
бар'єрним	70
бар'єрними	70
бар'єрних	70
бар'єрного	70
бар'єрному	70
бар'єрною	70
бар'єрної	70
бар'єрну	70
бар'єрні	70
бар'єрній	70
бар'єрнім	70
бар'єрові	70
бар'єром	70
бар'єру	70
бар'єрчик	70
бар'єрчика	70
бар'єрчикам	70
бар'єрчиками	70
бар'єрчиках	70
бар'єрчики	70
бар'єрчикові	70
бар'єрчиком	70
бар'єрчику	70
бар'єрчиків	70
бар'єрі	70
бар'єрів	70
бджолосім'ю	70
бджолосім'я	70
бджолосім'ям	70
бджолосім'ями	70
бджолосім'ях	70
бджолосім'єю	70
бджолосім'ї	70
без'ядерна	70
без'ядерне	70
без'ядерний	70
без'ядерним	70
без'ядерними	70
без'ядерних	70
без'ядерного	70
без'ядерному	70
без'ядерності	70
без'ядерною	70
без'ядерної	70
без'ядерну	70
без'ядерні	70
без'ядерній	70
без'ядернім	70
без'ядерність	70
без'ядерністю	70
без'язика	70
без'язике	70
без'язикий	70
без'язиким	70
без'язикими	70
без'язиких	70
без'язикого	70
без'язикому	70
без'язикості	70
без'язикою	70
без'язикої	70
без'язику	70
без'язикі	70
без'язикій	70
без'язикім	70
без'язикість	70
без'язикістю	70
без'якірна	70
без'якірне	70
без'якірний	70
без'якірним	70
без'якірними	70
без'якірних	70
без'якірного	70
без'якірному	70
без'якірною	70
без'якірної	70
без'якірну	70
без'якірні	70
без'якірній	70
без'якірнім	70
без'ярусна	70
без'ярусне	70
без'ярусний	70
без'ярусним	70
без'ярусними	70
без'ярусних	70
без'ярусного	70
без'ярусному	70
без'ярусною	70
без'ярусної	70
без'ярусну	70
без'ярусні	70
без'ярусній	70
без'яруснім	70
безвір'ю	70
безвір'я	70
безвір'ям	70
безвір'ї	70
безголов'ю	70
безголов'я	70
безголов'ям	70
безголов'ї	70
безголів'ю	70
безголів'я	70
безголів'ям	70
безголів'ї	70
безгрошів'ю	70
безгрошів'я	70
безгрошів'ям	70
безгрошів'ї	70
бездощів'ю	70
бездощів'я	70
бездощів'ям	70
бездощів'ї	70
бездум'ю	70
бездум'я	70
бездум'ям	70
бездум'ї	70
беззв'язкова	70
беззв'язкове	70
беззв'язковий	70
беззв'язковим	70
беззв'язковими	70
беззв'язкових	70
беззв'язкового	70
беззв'язковому	70
беззв'язковості	70
беззв'язковою	70
беззв'язкової	70
беззв'язкову	70
беззв'язкові	70
беззв'язковій	70
беззв'язковім	70
беззв'язковість	70
беззв'язковістю	70
безкрів'ю	70
безкрів'я	70
безкрів'ям	70
безкрів'ї	70
безкультур'ю	70
безкультур'я	70
безкультур'ям	70
безкультур'ї	70
безм'яза	70
безм'язе	70
безм'язий	70
безм'язим	70
безм'язими	70
безм'язих	70
безм'язого	70
безм'язому	70
безм'язою	70
безм'язої	70
безм'язу	70
безм'язі	70
безм'язій	70
безм'язім	70
безмлив'ю	70
безмлив'я	70
безмлив'ям	70
безмлив'ї	70
безп'ята	70
безп'яте	70
безп'ятий	70
безп'ятим	70
безп'ятими	70
безп'ятих	70
безп'ятого	70
безп'ятому	70
безп'ятою	70
безп'ятої	70
безп'яту	70
безп'яті	70
безп'ятій	70
безп'ятім	70
безпам'ятна	70
безпам'ятне	70
безпам'ятний	70
безпам'ятним	70
безпам'ятними	70
безпам'ятних	70
безпам'ятно	70
безпам'ятного	70
безпам'ятному	70
безпам'ятності	70
безпам'ятною	70
безпам'ятної	70
безпам'ятну	70
безпам'ятні	70
безпам'ятній	70
безпам'ятнім	70
безпам'ятність	70
безпам'ятністю	70
безпам'ятства	70
безпам'ятство	70
безпам'ятством	70
безпам'ятству	70
безпам'ятстві	70
безпам'яттю	70
безпам'яття	70
безпам'яттям	70
безпам'ятті	70
безполум'яна	70
безполум'яне	70
безполум'яний	70
безполум'яним	70
безполум'яними	70
безполум'яних	70
безполум'яного	70
безполум'яному	70
безполум'яності	70
безполум'яною	70
безполум'яної	70
безполум'яну	70
безполум'яні	70
безполум'яній	70
безполум'янім	70
безполум'яність	70
безполум'яністю	70
безправ'ю	70
безправ'я	70
безправ'ям	70
безправ'ї	70
безприв'язна	70
безприв'язне	70
безприв'язний	70
безприв'язним	70
безприв'язними	70
безприв'язних	70
безприв'язного	70
безприв'язному	70
безприв'язною	70
безприв'язної	70
безприв'язну	70
безприв'язні	70
безприв'язній	70
безприв'язнім	70
безриб'ю	70
безриб'я	70
безриб'ям	70
безриб'ї	70
безсечів'ю	70
безсечів'я	70
безсечів'ям	70
безсечів'ї	70
безслав'ю	70
безслав'я	70
безслав'ям	70
безслав'ї	70
безсплав'ю	70
безсплав'я	70
безсплав'ям	70
безсплав'ї	70
безсуб'єктна	70
безсуб'єктне	70
безсуб'єктний	70
безсуб'єктним	70
безсуб'єктними	70
безсуб'єктних	70
безсуб'єктного	70
безсуб'єктному	70
безсуб'єктності	70
безсуб'єктною	70
безсуб'єктної	70
безсуб'єктну	70
безсуб'єктні	70
безсуб'єктній	70
безсуб'єктнім	70
безсуб'єктність	70
безсуб'єктністю	70
безсім'яна	70
безсім'яне	70
безсім'яний	70
безсім'яним	70
безсім'яними	70
безсім'яних	70
безсім'янка	70
безсім'янкам	70
безсім'янками	70
безсім'янках	70
безсім'янки	70
безсім'янкою	70
безсім'янку	70
безсім'яного	70
безсім'янок	70
безсім'яному	70
безсім'яною	70
безсім'яної	70
безсім'яну	70
безсім'янці	70
безсім'яні	70
безсім'яній	70
безсім'янім	70
безтовар'ю	70
безтовар'я	70
безтовар'ям	70
безтовар'ї	70
безтрав'ю	70
безтрав'я	70
безтрав'ям	70
безтрав'ї	70
безхліб'ю	70
безхліб'я	70
безхліб'ям	70
безхліб'ї	70
безшлюб'ю	70
безшлюб'я	70
безшлюб'ям	70
безшлюб'ї	70
богослов'ю	70
богослов'я	70
богослов'ям	70
богослов'ї	70
бультер'єр	70
бультер'єра	70
бультер'єрам	70
бультер'єрами	70
бультер'єрах	70
бультер'єри	70
бультер'єрові	70
бультер'єром	70
бультер'єру	70
бультер'єрі	70
бультер'єрів	70
бур'ян	70
бур'янам	70
бур'янами	70
бур'янах	70
бур'янець	70
бур'яни	70
бур'янина	70
бур'янини	70
бур'яниною	70
бур'янину	70
бур'янині	70
бур'яниста	70
бур'янисте	70
бур'янистий	70
бур'янистим	70
бур'янистими	70
бур'янистих	70
бур'янистого	70
бур'янистому	70
бур'янистою	70
бур'янистої	70
бур'янисту	70
бур'янисті	70
бур'янистій	70
бур'янистім	70
бур'янова	70
бур'янове	70
бур'яновий	70
бур'яновим	70
бур'яновими	70
бур'янових	70
бур'янового	70
бур'яновому	70
бур'яновою	70
бур'янової	70
бур'янову	70
бур'янові	70
бур'яновій	70
бур'яновім	70
бур'яном	70
бур'яну	70
бур'янувата	70
бур'янувате	70
бур'януватий	70
бур'януватим	70
бур'януватими	70
бур'януватих	70
бур'януватого	70
бур'януватому	70
бур'януватою	70
бур'януватої	70
бур'янувату	70
бур'януваті	70
бур'януватій	70
бур'януватім	70
бур'янцеві	70
бур'янцем	70
бур'янцю	70
бур'янцям	70
бур'янцями	70
бур'янцях	70
бур'янці	70
бур'янців	70
бур'яні	70
бур'янів	70
бур'яній	70
бур'яніймо	70
бур'янійте	70
бур'яніла	70
бур'яніли	70
бур'яніло	70
бур'яніти	70
бур'янію	70
бур'яніють	70
бур'яніє	70
бур'яніємо	70
бур'янієте	70
бур'янієш	70
білокам'яна	70
білокам'яне	70
білокам'яний	70
білокам'яним	70
білокам'яними	70
білокам'яних	70
білокам'яного	70
білокам'яному	70
білокам'яною	70
білокам'яної	70
білокам'яну	70
білокам'яні	70
білокам'яній	70
білокам'янім	70
білокрів'ю	70
білокрів'я	70
білокрів'ям	70
білокрів'ї	70
білориб'яча	70
білориб'яче	70
білориб'ячий	70
білориб'ячим	70
білориб'ячими	70
білориб'ячих	70
білориб'ячого	70
білориб'ячому	70
білориб'ячою	70
білориб'ячої	70
білориб'ячу	70
білориб'ячі	70
білориб'ячій	70
білориб'ячім	70
біозв'язкові	70
біозв'язком	70
біозв'язку	70
біозв'язок	70
біооб'єкт	70
біооб'єкта	70
біооб'єктам	70
біооб'єктами	70
біооб'єктах	70
біооб'єкти	70
біооб'єктові	70
біооб'єктом	70
біооб'єкту	70
біооб'єкті	70
біооб'єктів	70
в'ю	70
в'юк	70
в'юка	70
в'юкам	70
в'юками	70
в'юках	70
в'юки	70
в'юкові	70
в'юком	70
в'юку	70
в'юків	70
в'юн	70
в'юна	70
в'юнам	70
в'юнами	70
в'юнах	70
в'юни	70
в'юнка	70
в'юнкам	70
в'юнками	70
в'юнках	70
в'юнке	70
в'юнки	70
в'юнкий	70
в'юнким	70
в'юнкими	70
в'юнких	70
в'юнко	70
в'юнкові	70
в'юнкого	70
в'юнком	70
в'юнкому	70
в'юнкості	70
в'юнкою	70
в'юнкої	70
в'юнку	70
в'юнкі	70
в'юнків	70
в'юнкій	70
в'юнкім	70
в'юнкість	70
в'юнкістю	70
в'юнові	70
в'юнок	70
в'юном	70
в'юну	70
в'юні	70
в'юнів	70
в'юрка	70
в'юркам	70
в'юрками	70
в'юрках	70
в'юрки	70
в'юркові	70
в'юрком	70
в'юрку	70
в'юрків	70
в'юрок	70
в'юсь	70
в'юся	70
в'ють	70
в'ються	70
в'ючак	70
в'ючака	70
в'ючакам	70
в'ючаками	70
в'ючаках	70
в'ючаки	70
в'ючакові	70
в'ючаком	70
в'ючаку	70
в'ючаків	70
в'ючать	70
в'ючив	70
в'ючила	70
в'ючили	70
в'ючило	70
в'ючимо	70
в'ючите	70
в'ючити	70
в'ючитиме	70
в'ючитимемо	70
в'ючитимете	70
в'ючитимеш	70
в'ючитиму	70
в'ючитимуть	70
в'ючить	70
в'ючиш	70
в'ючна	70
в'ючне	70
в'ючний	70
в'ючним	70
в'ючними	70
в'ючних	70
в'ючного	70
в'ючному	70
в'ючною	70
в'ючної	70
в'ючну	70
в'ючні	70
в'ючній	70
в'ючнім	70
в'ючу	70
в'юшка	70
в'юшкам	70
в'юшками	70
в'юшках	70
в'юшки	70
в'юшкою	70
в'юшку	70
в'юшок	70
в'юшці	70
в'яже	70
в'яжемо	70
в'яжемось	70
в'яжемося	70
в'яжете	70
в'яжетесь	70
в'яжетеся	70
в'яжеться	70
в'яжеш	70
в'яжешся	70
в'яжи	70
в'яжись	70
в'яжися	70
в'яжу	70
в'яжусь	70
в'яжуся	70
в'яжуть	70
в'яжуться	70
в'яжучи	70
в'яжімо	70
в'яжімось	70
в'яжімося	70
в'яжіть	70
в'яжіться	70
в'яз	70
в'яза	70
в'язав	70
в'язавсь	70
в'язався	70
в'язала	70
в'язалась	70
в'язалася	70
в'язали	70
в'язались	70
в'язалися	70
в'язало	70
в'язалось	70
в'язалося	70
в'язальна	70
в'язальне	70
в'язальний	70
в'язальник	70
в'язальника	70
в'язальникам	70
в'язальниками	70
в'язальниках	70
в'язальники	70
в'язальникові	70
в'язальником	70
в'язальнику	70
в'язальників	70
в'язальним	70
в'язальними	70
в'язальних	70
в'язальницею	70
в'язальниць	70
в'язальницю	70
в'язальниця	70
в'язальницям	70
в'язальницями	70
в'язальницях	70
в'язальниці	70
в'язального	70
в'язальному	70
в'язальною	70
в'язальної	70
в'язальну	70
в'язальні	70
в'язальній	70
в'язальнім	70
в'язам	70
в'язами	70
в'язана	70
в'язане	70
в'язаний	70
в'язаним	70
в'язаними	70
в'язаних	70
в'язанка	70
в'язанкам	70
в'язанками	70
в'язанках	70
в'язанки	70
в'язанкою	70
в'язанку	70
в'язанню	70
в'язання	70
в'язанням	70
в'язанні	70
в'язаного	70
в'язанок	70
в'язаному	70
в'язаною	70
в'язаної	70
в'язану	70
в'язанці	70
в'язані	70
в'язаній	70
в'язанім	70
в'язати	70
в'язатись	70
в'язатися	70
в'язах	70
в'язелеві	70
в'язелем	70
в'язелю	70
в'язелі	70
в'язень	70
в'яззю	70
в'язи	70
в'язка	70
в'язкам	70
в'язками	70
в'язках	70
в'язке	70
в'язки	70
в'язкий	70
в'язким	70
в'язкими	70
в'язких	70
в'язко	70
в'язкого	70
в'язкому	70
в'язкості	70
в'язкою	70
в'язкої	70
в'язку	70
в'язкі	70
в'язкій	70
в'язкім	70
в'язкість	70
в'язкістю	70
в'язне	70
в'язневі	70
в'язнем	70
в'язнемо	70
в'язнете	70
в'язнеш	70
в'язницею	70
в'язниць	70
в'язницю	70
в'язниця	70
в'язницям	70
в'язницями	70
в'язницях	70
в'язниці	70
в'язнична	70
в'язничне	70
в'язничний	70
в'язничним	70
в'язничними	70
в'язничних	70
в'язничного	70
в'язничному	70
в'язничною	70
в'язничної	70
в'язничну	70
в'язничні	70
в'язничній	70
в'язничнім	70
в'язну	70
в'язнув	70
в'язнула	70
в'язнули	70
в'язнуло	70
в'язнути	70
в'язнуть	70
в'язню	70
в'язня	70
в'язням	70
в'язнями	70
в'язнях	70
в'язні	70
в'язнів	70
в'язова	70
в'язове	70
в'язовий	70
в'язовим	70
в'язовими	70
в'язових	70
в'язового	70
в'язовому	70
в'язовою	70
в'язової	70
в'язову	70
в'язові	70
в'язовій	70
в'язовім	70
в'язок	70
в'язом	70
в'язу	70
в'язці	70
в'язь	70
в'язі	70
в'язів	70
в'язіль	70
в'яла	70
в'яле	70
в'ялена	70
в'ялене	70
в'ялений	70
в'яленим	70
в'яленими	70
в'ялених	70
в'яленню	70
в'ялення	70
в'яленням	70
в'яленні	70
в'яленого	70
в'яленому	70
в'яленою	70
в'яленої	70
в'ялену	70
в'ялені	70
в'яленій	70
в'яленім	70
в'ялив	70
в'яливсь	70
в'ялився	70
в'ялий	70
в'ялила	70
в'ялилась	70
в'ялилася	70
в'ялили	70
в'ялились	70
в'ялилися	70
в'ялило	70
в'ялилось	70
в'ялилося	70
в'ялим	70
в'ялими	70
в'ялимо	70
в'ялимось	70
в'ялимося	70
в'ялите	70
в'ялитесь	70
в'ялитеся	70
в'ялити	70
в'ялитиме	70
в'ялитимемо	70
в'ялитимемось	70
в'ялитимемося	70
в'ялитимете	70
в'ялитиметесь	70
в'ялитиметеся	70
в'ялитиметься	70
в'ялитимеш	70
в'ялитимешся	70
в'ялитиму	70
в'ялитимусь	70
в'ялитимуся	70
в'ялитимуть	70
в'ялитимуться	70
в'ялитись	70
в'ялитися	70
в'ялить	70
в'ялиться	70
в'ялих	70
в'ялиш	70
в'ялишся	70
в'яло	70
в'ялого	70
в'ялому	70
в'ялостей	70
в'ялостям	70
в'ялостями	70
в'ялостях	70
в'ялості	70
в'ялою	70
в'ялої	70
в'ялу	70
в'ялю	70
в'ялюсь	70
в'ялюся	70
в'ялять	70
в'яляться	70
в'ялячи	70
в'ялі	70
в'ялій	70
в'ялім	70
в'ялінню	70
в'яління	70
в'ялінням	70
в'ялінні	70
в'ялість	70
в'ялістю	70
в'яне	70
в'янемо	70
в'яненню	70
в'янення	70
в'яненням	70
в'яненні	70
в'янете	70
в'янеш	70
в'яну	70
в'янув	70
в'янула	70
в'янули	70
в'януло	70
в'янути	70
в'януть	70
в'янь	70
в'яньмо	70
в'яньте	70
в'ятська	70
в'ятське	70
в'ятський	70
в'ятським	70
в'ятськими	70
в'ятських	70
в'ятського	70
в'ятському	70
в'ятською	70
в'ятської	70
в'ятську	70
в'ятські	70
в'ятській	70
в'ятськім	70
в'є	70
в'ємо	70
в'ємось	70
в'ємося	70
в'єте	70
в'єтесь	70
в'єтеся	70
в'єтнамець	70
в'єтнамка	70
в'єтнамкам	70
в'єтнамками	70
в'єтнамках	70
в'єтнамки	70
в'єтнамкою	70
в'єтнамку	70
в'єтнамок	70
в'єтнамська	70
в'єтнамське	70
в'єтнамський	70
в'єтнамським	70
в'єтнамськими	70
в'єтнамських	70
в'єтнамського	70
в'єтнамському	70
в'єтнамською	70
в'єтнамської	70
в'єтнамську	70
в'єтнамські	70
в'єтнамській	70
в'єтнамськім	70
в'єтнамцеві	70
в'єтнамцем	70
в'єтнамцю	70
в'єтнамця	70
в'єтнамцям	70
в'єтнамцями	70
в'єтнамцях	70
в'єтнамці	70
в'єтнамців	70
в'ється	70
в'єш	70
в'єшся	70
в'їв	70
в'ївсь	70
в'ївся	70
в'їдав	70
в'їдавсь	70
в'їдався	70
в'їдай	70
в'їдаймо	70
в'їдаймось	70
в'їдаймося	70
в'їдайсь	70
в'їдайся	70
в'їдайте	70
в'їдайтесь	70
в'їдайтеся	70
в'їдала	70
в'їдалась	70
в'їдалася	70
в'їдали	70
в'їдались	70
в'їдалися	70
в'їдало	70
в'їдалось	70
в'їдалося	70
в'їданню	70
в'їдання	70
в'їданням	70
в'їданні	70
в'їдати	70
в'їдатись	70
в'їдатися	70
в'їдаю	70
в'їдаюсь	70
в'їдаюся	70
в'їдають	70
в'їдаються	70
в'їдаючись	70
в'їдає	70
в'їдаємо	70
в'їдаємось	70
в'їдаємося	70
в'їдаєте	70
в'їдаєтесь	70
в'їдаєтеся	70
в'їдається	70
в'їдаєш	70
в'їдаєшся	70
в'їде	70
в'їдемо	70
в'їдете	70
в'їдеш	70
в'їдлива	70
в'їдливе	70
в'їдливий	70
в'їдливим	70
в'їдливими	70
в'їдливих	70
в'їдливо	70
в'їдливого	70
в'їдливому	70
в'їдливостей	70
в'їдливостям	70
в'їдливостями	70
в'їдливостях	70
в'їдливості	70
в'їдливою	70
в'їдливої	70
в'їдливу	70
в'їдливі	70
в'їдливій	70
в'їдливім	70
в'їдливість	70
в'їдливістю	70
в'їду	70
в'їдуть	70
в'їдь	70
в'їдьмо	70
в'їдьте	70
в'їдять	70
в'їдяться	70
в'їж	70
в'їжджав	70
в'їжджай	70
в'їжджаймо	70
в'їжджайте	70
в'їжджала	70
в'їжджали	70
в'їжджало	70
в'їжджати	70
в'їжджатиме	70
в'їжджатимемо	70
в'їжджатимете	70
в'їжджатимеш	70
в'їжджатиму	70
в'їжджатимуть	70
в'їжджаю	70
в'їжджають	70
в'їжджаючи	70
в'їжджає	70
в'їжджаємо	70
в'їжджаєте	70
в'їжджаєш	70
в'їжмо	70
в'їжмось	70
в'їжмося	70
в'їжся	70
в'їжте	70
в'їжтесь	70
в'їжтеся	70
в'їзд	70
в'їздам	70
в'їздами	70
в'їздах	70
в'їзди	70
в'їздна	70
в'їздне	70
в'їздний	70
в'їздним	70
в'їздними	70
в'їздних	70
в'їздного	70
в'їздному	70
в'їздною	70
в'їздної	70
в'їздну	70
в'їздні	70
в'їздній	70
в'їзднім	70
в'їздові	70
в'їздом	70
в'їзду	70
в'їзді	70
в'їздів	70
в'їзна	70
в'їзне	70
в'їзний	70
в'їзним	70
в'їзними	70
в'їзних	70
в'їзного	70
в'їзному	70
в'їзною	70
в'їзної	70
в'їзну	70
в'їзні	70
в'їзній	70
в'їзнім	70
в'їла	70
в'їлась	70
в'їлася	70
в'їли	70
в'їлись	70
в'їлися	70
в'їло	70
в'їлось	70
в'їлося	70
в'їм	70
в'їмо	70
в'їмось	70
в'їмося	70
в'їмся	70
в'їси	70
в'їсись	70
в'їсися	70
в'їсте	70
в'їстесь	70
в'їстеся	70
в'їсти	70
в'їстись	70
в'їстися	70
в'їсть	70
в'їсться	70
в'їхав	70
в'їхавши	70
в'їхала	70
в'їхали	70
в'їхало	70
в'їхати	70
важкорозв'язна	70
важкорозв'язне	70
важкорозв'язний	70
важкорозв'язним	70
важкорозв'язними	70
важкорозв'язних	70
важкорозв'язного	70
важкорозв'язному	70
важкорозв'язності	70
важкорозв'язною	70
важкорозв'язної	70
важкорозв'язну	70
важкорозв'язні	70
важкорозв'язній	70
важкорозв'язнім	70
важкорозв'язність	70
важкорозв'язністю	70
валов'яна	70
валов'яне	70
валов'яний	70
валов'яним	70
валов'яними	70
валов'яних	70
валов'яного	70
валов'яному	70
валов'яною	70
валов'яної	70
валов'яну	70
валов'яні	70
валов'яній	70
валов'янім	70
вандем'єр	70
вандем'єра	70
вандем'єрові	70
вандем'єром	70
вандем'єру	70
вандем'єрі	70
вар'єте	70
варшав'ян	70
варшав'янам	70
варшав'янами	70
варшав'янах	70
варшав'яни	70
варшав'янин	70
варшав'янина	70
варшав'янине	70
варшав'янинові	70
варшав'янином	70
варшав'янину	70
варшав'янині	70
варшав'янка	70
варшав'янкам	70
варшав'янками	70
варшав'янках	70
варшав'янки	70
варшав'янкою	70
варшав'янку	70
варшав'янок	70
варшав'янці	70
вб'ю	70
вб'юсь	70
вб'юся	70
вб'ють	70
вб'ються	70
вб'є	70
вб'ємо	70
вб'ємось	70
вб'ємося	70
вб'єте	70
вб'єтесь	70
вб'єтеся	70
вб'ється	70
вб'єш	70
вб'єшся	70
вв'яже	70
вв'яжемо	70
вв'яжемось	70
вв'яжемося	70
вв'яжете	70
вв'яжетесь	70
вв'яжетеся	70
вв'яжеться	70
вв'яжеш	70
вв'яжешся	70
вв'яжи	70
вв'яжись	70
вв'яжися	70
вв'яжу	70
вв'яжусь	70
вв'яжуся	70
вв'яжуть	70
вв'яжуться	70
вв'яжімо	70
вв'яжімось	70
вв'яжімося	70
вв'яжіть	70
вв'яжіться	70
вв'язав	70
вв'язавсь	70
вв'язався	70
вв'язала	70
вв'язалась	70
вв'язалася	70
вв'язали	70
вв'язались	70
вв'язалися	70
вв'язало	70
вв'язалось	70
вв'язалося	70
вв'язана	70
вв'язане	70
вв'язаний	70
вв'язаним	70
вв'язаними	70
вв'язаних	70
вв'язаного	70
вв'язаному	70
вв'язаною	70
вв'язаної	70
вв'язану	70
вв'язані	70
вв'язаній	70
вв'язанім	70
вв'язати	70
вв'язатись	70
вв'язатися	70
вв'язував	70
вв'язувавсь	70
вв'язувався	70
вв'язувала	70
вв'язувалась	70
вв'язувалася	70
вв'язували	70
вв'язувались	70
вв'язувалися	70
вв'язувало	70
вв'язувалось	70
вв'язувалося	70
вв'язуванню	70
вв'язування	70
вв'язуванням	70
вв'язуванні	70
вв'язувати	70
вв'язуватись	70
вв'язуватися	70
вв'язуй	70
вв'язуймо	70
вв'язуймось	70
вв'язуймося	70
вв'язуйсь	70
вв'язуйся	70
вв'язуйте	70
вв'язуйтесь	70
вв'язуйтеся	70
вв'язую	70
вв'язуюсь	70
вв'язуюся	70
вв'язують	70
вв'язуються	70
вв'язує	70
вв'язуємо	70
вв'язуємось	70
вв'язуємося	70
вв'язуєте	70
вв'язуєтесь	70
вв'язуєтеся	70
вв'язується	70
вв'язуєш	70
вв'язуєшся	70
вдвір'ю	70
вдвір'я	70
вдвір'ям	70
вдвір'ями	70
вдвір'ях	70
вдвір'ї	70
вдвір'їв	70
вдев'яте	70
вдев'ятеро	70
вдев'ятьох	70
вербов'ю	70
вербов'я	70
вербов'ям	70
вербов'ї	70
верф'ю	70
верф'яна	70
верф'яне	70
верф'яний	70
верф'яним	70
верф'яними	70
верф'яних	70
верф'яного	70
верф'яному	70
верф'яною	70
верф'яної	70
верф'яну	70
верф'яні	70
верф'яній	70
верф'янім	70
верхогір'ю	70
верхогір'я	70
верхогір'ям	70
верхогір'ї	70
верхів'ю	70
верхів'я	70
верхів'ям	70
верхів'ями	70
верхів'ях	70
верхів'ї	70
верхів'їв	70
взаємозв'язана	70
взаємозв'язане	70
взаємозв'язаний	70
взаємозв'язаним	70
взаємозв'язаними	70
взаємозв'язаних	70
взаємозв'язано	70
взаємозв'язаного	70
взаємозв'язаному	70
взаємозв'язаності	70
взаємозв'язаною	70
взаємозв'язаної	70
взаємозв'язану	70
взаємозв'язані	70
взаємозв'язаній	70
взаємозв'язанім	70
взаємозв'язаність	70
взаємозв'язаністю	70
взаємозв'язкам	70
взаємозв'язками	70
взаємозв'язках	70
взаємозв'язки	70
взаємозв'язкові	70
взаємозв'язком	70
взаємозв'язку	70
взаємозв'язків	70
взаємозв'язок	70
взаємопов'язана	70
взаємопов'язане	70
взаємопов'язаний	70
взаємопов'язаним	70
взаємопов'язаними	70
взаємопов'язаних	70
взаємопов'язано	70
взаємопов'язаного	70
взаємопов'язаному	70
взаємопов'язаності	70
взаємопов'язаною	70
взаємопов'язаної	70
взаємопов'язану	70
взаємопов'язані	70
взаємопов'язаній	70
взаємопов'язанім	70
взаємопов'язаність	70
взаємопов'язаністю	70
взгір'ю	70
взгір'я	70
взгір'ям	70
взгір'ями	70
взгір'ях	70
взгір'ї	70
взгір'їв	70
виб'ю	70
виб'юсь	70
виб'юся	70
виб'ють	70
виб'ються	70
виб'є	70
виб'ємо	70
виб'ємось	70
виб'ємося	70
виб'єте	70
виб'єтесь	70
виб'єтеся	70
виб'ється	70
виб'єш	70
виб'єшся	70
вив'яже	70
вив'яжемо	70
вив'яжемось	70
вив'яжемося	70
вив'яжете	70
вив'яжетесь	70
вив'яжетеся	70
вив'яжеться	70
вив'яжеш	70
вив'яжешся	70
вив'яжи	70
вив'яжись	70
вив'яжися	70
вив'яжу	70
вив'яжусь	70
вив'яжуся	70
вив'яжуть	70
вив'яжуться	70
вив'яжімо	70
вив'яжімось	70
вив'яжімося	70
вив'яжіть	70
вив'яжіться	70
вив'язав	70
вив'язавсь	70
вив'язався	70
вив'язала	70
вив'язалась	70
вив'язалася	70
вив'язали	70
вив'язались	70
вив'язалися	70
вив'язало	70
вив'язалось	70
вив'язалося	70
вив'язана	70
вив'язане	70
вив'язаний	70
вив'язаним	70
вив'язаними	70
вив'язаних	70
вив'язано	70
вив'язаного	70
вив'язаному	70
вив'язаною	70
вив'язаної	70
вив'язану	70
вив'язані	70
вив'язаній	70
вив'язанім	70
вив'язати	70
вив'язатись	70
вив'язатися	70
вив'язував	70
вив'язувавсь	70
вив'язувався	70
вив'язувала	70
вив'язувалась	70
вив'язувалася	70
вив'язували	70
вив'язувались	70
вив'язувалися	70
вив'язувало	70
вив'язувалось	70
вив'язувалося	70
вив'язуванню	70
вив'язування	70
вив'язуванням	70
вив'язуваннями	70
вив'язуваннях	70
вив'язуванні	70
вив'язувань	70
вив'язувати	70
вив'язуватись	70
вив'язуватися	70
вив'язуй	70
вив'язуймо	70
вив'язуймось	70
вив'язуймося	70
вив'язуйсь	70
вив'язуйся	70
вив'язуйте	70
вив'язуйтесь	70
вив'язуйтеся	70
вив'язую	70
вив'язуюсь	70
вив'язуюся	70
вив'язують	70
вив'язуються	70
вив'язує	70
вив'язуємо	70
вив'язуємось	70
вив'язуємося	70
вив'язуєте	70
вив'язуєтесь	70
вив'язуєтеся	70
вив'язується	70
вив'язуєш	70
вив'язуєшся	70
вив'ялена	70
вив'ялене	70
вив'ялений	70
вив'яленим	70
вив'яленими	70
вив'ялених	70
вив'яленого	70
вив'яленому	70
вив'яленою	70
вив'яленої	70
вив'ялену	70
вив'ялені	70
вив'яленій	70
вив'яленім	70
вив'ялив	70
вив'яливсь	70
вив'ялився	70
вив'ялила	70
вив'ялилась	70
вив'ялилася	70
вив'ялили	70
вив'ялились	70
вив'ялилися	70
вив'ялило	70
вив'ялилось	70
вив'ялилося	70
вив'ялимо	70
вив'ялимось	70
вив'ялимося	70
вив'ялите	70
вив'ялитесь	70
вив'ялитеся	70
вив'ялити	70
вив'ялитись	70
вив'ялитися	70
вив'ялить	70
вив'ялиться	70
вив'ялиш	70
вив'ялишся	70
вив'ялю	70
вив'ялював	70
вив'ялювавсь	70
вив'ялювався	70
вив'ялювала	70
вив'ялювалась	70
вив'ялювалася	70
вив'ялювали	70
вив'ялювались	70
вив'ялювалися	70
вив'ялювало	70
вив'ялювалось	70
вив'ялювалося	70
вив'ялюванню	70
вив'ялювання	70
вив'ялюванням	70
вив'ялюванні	70
вив'ялювати	70
вив'ялюватись	70
вив'ялюватися	70
вив'ялюй	70
вив'ялюймо	70
вив'ялюймось	70
вив'ялюймося	70
вив'ялюйсь	70
вив'ялюйся	70
вив'ялюйте	70
вив'ялюйтесь	70
вив'ялюйтеся	70
вив'ялюсь	70
вив'ялюся	70
вив'ялюю	70
вив'ялююсь	70
вив'ялююся	70
вив'ялюють	70
вив'ялюються	70
вив'ялює	70
вив'ялюємо	70
вив'ялюємось	70
вив'ялюємося	70
вив'ялюєте	70
вив'ялюєтесь	70
вив'ялюєтеся	70
вив'ялюється	70
вив'ялюєш	70
вив'ялюєшся	70
вив'ялять	70
вив'яляться	70
викип'ятив	70
викип'ятивсь	70
викип'ятився	70
викип'ятила	70
викип'ятилась	70
викип'ятилася	70
викип'ятили	70
викип'ятились	70
викип'ятилися	70
викип'ятило	70
викип'ятилось	70
викип'ятилося	70
викип'ятимо	70
викип'ятимось	70
викип'ятимося	70
викип'ятите	70
викип'ятитесь	70
викип'ятитеся	70
викип'ятити	70
викип'ятитись	70
викип'ятитися	70
викип'ятить	70
викип'ятиться	70
викип'ятиш	70
викип'ятишся	70
викип'ятять	70
викип'ятяться	70
викип'ячу	70
викип'ячусь	70
викип'ячуся	70
вим'я	70
вим'яв	70
вим'яла	70
вим'яли	70
вим'яло	70
вим'ям	70
вим'ят	70
вим'ята	70
вим'ятам	70
вим'ятами	70
вим'ятах	70
вим'яте	70
вим'яти	70
вим'ятий	70
вим'ятим	70
вим'ятими	70
вим'ятих	70
вим'ятого	70
вим'ятому	70
вим'ятою	70
вим'ятої	70
вим'яту	70
вим'яті	70
вим'ятій	70
вим'ятім	70
вип'ю	70
вип'ють	70
вип'ясти	70
вип'ястися	70
вип'є	70
вип'ємо	70
вип'єте	70
вип'єш	70
високов'язка	70
високов'язке	70
високов'язкий	70
високов'язким	70
високов'язкими	70
високов'язких	70
високов'язкого	70
високов'язкому	70
високов'язкою	70
високов'язкої	70
високов'язку	70
високов'язкі	70
високов'язкій	70
високов'язкім	70
високогір'ю	70
високогір'я	70
високогір'ям	70
високогір'ї	70
високотрав'ю	70
високотрав'я	70
високотрав'ям	70
високотрав'ї	70
висп'ятка	70
висп'яткам	70
висп'ятками	70
висп'ятках	70
висп'ятки	70
висп'яткові	70
висп'ятком	70
висп'ятку	70
висп'ятків	70
висп'яток	70
вм'ята	70
вм'яте	70
вм'ятий	70
вм'ятим	70
вм'ятими	70
вм'ятин	70
вм'ятина	70
вм'ятинам	70
вм'ятинами	70
вм'ятинах	70
вм'ятини	70
вм'ятиною	70
вм'ятину	70
вм'ятині	70
вм'ятих	70
вм'ятого	70
вм'ятому	70
вм'ятості	70
вм'ятою	70
вм'ятої	70
вм'яту	70
вм'яті	70
вм'ятій	70
вм'ятім	70
вм'ятість	70
вм'ятістю	70
возз'єднав	70
возз'єднавсь	70
возз'єднався	70
возз'єднавши	70
возз'єднавшись	70
возз'єднай	70
возз'єднаймо	70
возз'єднаймось	70
возз'єднаймося	70
возз'єднайсь	70
возз'єднайся	70
возз'єднайте	70
возз'єднайтесь	70
возз'єднайтеся	70
возз'єднала	70
возз'єдналась	70
возз'єдналася	70
возз'єднали	70
возз'єднались	70
возз'єдналися	70
возз'єднало	70
возз'єдналось	70
возз'єдналося	70
возз'єднана	70
возз'єднане	70
возз'єднаний	70
возз'єднаним	70
возз'єднаними	70
возз'єднаних	70
возз'єднанню	70
возз'єднання	70
возз'єднанням	70
возз'єднаннями	70
возз'єднаннях	70
возз'єднанні	70
возз'єднано	70
возз'єднаного	70
возз'єднаному	70
возз'єднаною	70
возз'єднаної	70
возз'єднану	70
возз'єднань	70
возз'єднані	70
возз'єднаній	70
возз'єднанім	70
возз'єднати	70
возз'єднатись	70
возз'єднатися	70
возз'єднаю	70
возз'єднаюсь	70
возз'єднаюся	70
возз'єднають	70
возз'єднаються	70
возз'єднає	70
возз'єднаємо	70
возз'єднаємось	70
возз'єднаємося	70
возз'єднаєте	70
возз'єднаєтесь	70
возз'єднаєтеся	70
возз'єднається	70
возз'єднаєш	70
возз'єднаєшся	70
возз'єднував	70
возз'єднувавсь	70
возз'єднувався	70
возз'єднувала	70
возз'єднувалась	70
возз'єднувалася	70
возз'єднували	70
возз'єднувались	70
возз'єднувалися	70
возз'єднувало	70
возз'єднувалось	70
возз'єднувалося	70
возз'єднувати	70
возз'єднуватись	70
возз'єднуватися	70
возз'єднуй	70
возз'єднуймо	70
возз'єднуймось	70
возз'єднуймося	70
возз'єднуйсь	70
возз'єднуйся	70
возз'єднуйте	70
возз'єднуйтесь	70
возз'єднуйтеся	70
возз'єдную	70
возз'єднуюсь	70
возз'єднуюся	70
возз'єднують	70
возз'єднуються	70
возз'єднує	70
возз'єднуємо	70
возз'єднуємось	70
возз'єднуємося	70
возз'єднуєте	70
возз'єднуєтесь	70
возз'єднуєтеся	70
возз'єднується	70
возз'єднуєш	70
возз'єднуєшся	70
вольтер'янств	70
вольтер'янства	70
вольтер'янствам	70
вольтер'янствами	70
вольтер'янствах	70
вольтер'янство	70
вольтер'янством	70
вольтер'янству	70
вольтер'янстві	70
вп'юсь	70
вп'юся	70
вп'ються	70
вп'яв	70
вп'явсь	70
вп'явся	70
вп'яла	70
вп'ялась	70
вп'ялася	70
вп'яли	70
вп'ялись	70
вп'ялися	70
вп'яло	70
вп'ялось	70
вп'ялося	70
вп'ясти	70
вп'ястись	70
вп'ястися	70
вп'яте	70
вп'ятеро	70
вп'ятьох	70
вп'ємось	70
вп'ємося	70
вп'єтесь	70
вп'єтеся	70
вп'ється	70
вп'єшся	70
всеслов'янська	70
всеслов'янське	70
всеслов'янський	70
всеслов'янським	70
всеслов'янськими	70
всеслов'янських	70
всеслов'янського	70
всеслов'янському	70
всеслов'янською	70
всеслов'янської	70
всеслов'янську	70
всеслов'янські	70
всеслов'янській	70
всеслов'янськім	70
всухом'ятку	70
від'єднав	70
від'єднавсь	70
від'єднався	70
від'єднай	70
від'єднаймо	70
від'єднаймось	70
від'єднаймося	70
від'єднайсь	70
від'єднайся	70
від'єднайте	70
від'єднайтесь	70
від'єднайтеся	70
від'єднала	70
від'єдналась	70
від'єдналася	70
від'єднали	70
від'єднались	70
від'єдналися	70
від'єднало	70
від'єдналось	70
від'єдналося	70
від'єднана	70
від'єднане	70
від'єднаний	70
від'єднаним	70
від'єднаними	70
від'єднаних	70
від'єднанню	70
від'єднання	70
від'єднанням	70
від'єднаннями	70
від'єднаннях	70
від'єднанні	70
від'єднано	70
від'єднаного	70
від'єднаному	70
від'єднаною	70
від'єднаної	70
від'єднану	70
від'єднань	70
від'єднані	70
від'єднаній	70
від'єднанім	70
від'єднати	70
від'єднатись	70
від'єднатися	70
від'єднаю	70
від'єднаюсь	70
від'єднаюся	70
від'єднають	70
від'єднаються	70
від'єднає	70
від'єднаємо	70
від'єднаємось	70
від'єднаємося	70
від'єднаєте	70
від'єднаєтесь	70
від'єднаєтеся	70
від'єднається	70
від'єднаєш	70
від'єднаєшся	70
від'єднував	70
від'єднувавсь	70
від'єднувався	70
від'єднувала	70
від'єднувалась	70
від'єднувалася	70
від'єднували	70
від'єднувались	70
від'єднувалися	70
від'єднувало	70
від'єднувалось	70
від'єднувалося	70
від'єднуванню	70
від'єднування	70
від'єднуванням	70
від'єднуванні	70
від'єднувати	70
від'єднуватись	70
від'єднуватися	70
від'єднуй	70
від'єднуймо	70
від'єднуймось	70
від'єднуймося	70
від'єднуйсь	70
від'єднуйся	70
від'єднуйте	70
від'єднуйтесь	70
від'єднуйтеся	70
від'єдную	70
від'єднуюсь	70
від'єднуюся	70
від'єднують	70
від'єднуються	70
від'єднує	70
від'єднуємо	70
від'єднуємось	70
від'єднуємося	70
від'єднуєте	70
від'єднуєтесь	70
від'єднуєтеся	70
від'єднується	70
від'єднуєш	70
від'єднуєшся	70
від'ємна	70
від'ємне	70
від'ємний	70
від'ємник	70
від'ємника	70
від'ємникам	70
від'ємниками	70
від'ємниках	70
від'ємники	70
від'ємникові	70
від'ємником	70
від'ємнику	70
від'ємників	70
від'ємним	70
від'ємними	70
від'ємних	70
від'ємно	70
від'ємного	70
від'ємному	70
від'ємності	70
від'ємною	70
від'ємної	70
від'ємну	70
від'ємні	70
від'ємній	70
від'ємнім	70
від'ємність	70
від'ємністю	70
від'їв	70
від'ївсь	70
від'ївся	70
від'їдав	70
від'їдавсь	70
від'їдався	70
від'їдай	70
від'їдаймо	70
від'їдаймось	70
від'їдаймося	70
від'їдайсь	70
від'їдайся	70
від'їдайте	70
від'їдайтесь	70
від'їдайтеся	70
від'їдала	70
від'їдалась	70
від'їдалася	70
від'їдали	70
від'їдались	70
від'їдалися	70
від'їдало	70
від'їдалось	70
від'їдалося	70
від'їдати	70
від'їдатись	70
від'їдатися	70
від'їдаю	70
від'їдаюсь	70
від'їдаюся	70
від'їдають	70
від'їдаються	70
від'їдає	70
від'їдаємо	70
від'їдаємось	70
від'їдаємося	70
від'їдаєте	70
від'їдаєтесь	70
від'їдаєтеся	70
від'їдається	70
від'їдаєш	70
від'їдаєшся	70
від'їде	70
від'їдемо	70
від'їдете	70
від'їдеш	70
від'їду	70
від'їдуть	70
від'їдь	70
від'їдьмо	70
від'їдьте	70
від'їдять	70
від'їдяться	70
від'їж	70
від'їжджа	70
від'їжджав	70
від'їжджай	70
від'їжджаймо	70
від'їжджайте	70
від'їжджала	70
від'їжджали	70
від'їжджало	70
від'їжджати	70
від'їжджатиме	70
від'їжджатимемо	70
від'їжджатимете	70
від'їжджатимеш	70
від'їжджатиму	70
від'їжджатимуть	70
від'їжджаю	70
від'їжджають	70
від'їжджаючи	70
від'їжджає	70
від'їжджаємо	70
від'їжджаєте	70
від'їжджаєш	70
від'їждже	70
від'їжджий	70
від'їжджим	70
від'їжджими	70
від'їжджих	70
від'їжджого	70
від'їжджому	70
від'їжджою	70
від'їжджої	70
від'їжджу	70
від'їжджі	70
від'їжджій	70
від'їжджім	70
від'їжмо	70
від'їжмось	70
від'їжмося	70
від'їжся	70
від'їжте	70
від'їжтесь	70
від'їжтеся	70
від'їзд	70
від'їздам	70
від'їздами	70
від'їздах	70
від'їзди	70
від'їздив	70
від'їздила	70
від'їздили	70
від'їздило	70
від'їздимо	70
від'їздите	70
від'їздити	70
від'їздить	70
від'їздиш	70
від'їздові	70
від'їздом	70
від'їзду	70
від'їздять	70
від'їзді	70
від'їздів	70
від'їздімо	70
від'їздіть	70
від'їзна	70
від'їзне	70
від'їзний	70
від'їзним	70
від'їзними	70
від'їзних	70
від'їзного	70
від'їзному	70
від'їзною	70
від'їзної	70
від'їзну	70
від'їзні	70
від'їзній	70
від'їзнім	70
від'їла	70
від'їлась	70
від'їлася	70
від'їли	70
від'їлись	70
від'їлися	70
від'їло	70
від'їлось	70
від'їлося	70
від'їм	70
від'їмо	70
від'їмось	70
від'їмося	70
від'їмся	70
від'їси	70
від'їсись	70
від'їсися	70
від'їсте	70
від'їстесь	70
від'їстеся	70
від'їсти	70
від'їстись	70
від'їстися	70
від'їсть	70
від'їсться	70
від'їхав	70
від'їхала	70
від'їхали	70
від'їхало	70
від'їхати	70
відв'яже	70
відв'яжемо	70
відв'яжемось	70
відв'яжемося	70
відв'яжете	70
відв'яжетесь	70
відв'яжетеся	70
відв'яжеться	70
відв'яжеш	70
відв'яжешся	70
відв'яжи	70
відв'яжись	70
відв'яжися	70
відв'яжу	70
відв'яжусь	70
відв'яжуся	70
відв'яжуть	70
відв'яжуться	70
відв'яжімо	70
відв'яжімось	70
відв'яжімося	70
відв'яжіть	70
відв'яжіться	70
відв'язав	70
відв'язавсь	70
відв'язався	70
відв'язавши	70
відв'язала	70
відв'язалась	70
відв'язалася	70
відв'язали	70
відв'язались	70
відв'язалися	70
відв'язало	70
відв'язалось	70
відв'язалося	70
відв'язана	70
відв'язане	70
відв'язаний	70
відв'язаним	70
відв'язаними	70
відв'язаних	70
відв'язаного	70
відв'язаному	70
відв'язаною	70
відв'язаної	70
відв'язану	70
відв'язані	70
відв'язаній	70
відв'язанім	70
відв'язати	70
відв'язатись	70
відв'язатися	70
відв'язував	70
відв'язувавсь	70
відв'язувався	70
відв'язувала	70
відв'язувалась	70
відв'язувалася	70
відв'язували	70
відв'язувались	70
відв'язувалися	70
відв'язувало	70
відв'язувалось	70
відв'язувалося	70
відв'язуванню	70
відв'язування	70
відв'язуванням	70
відв'язуванні	70
відв'язувати	70
відв'язуватись	70
відв'язуватися	70
відв'язуй	70
відв'язуймо	70
відв'язуймось	70
відв'язуймося	70
відв'язуйсь	70
відв'язуйся	70
відв'язуйте	70
відв'язуйтесь	70
відв'язуйтеся	70
відв'язую	70
відв'язуюсь	70
відв'язуюся	70
відв'язують	70
відв'язуються	70
відв'язуючи	70
відв'язує	70
відв'язуємо	70
відв'язуємось	70
відв'язуємося	70
відв'язуєте	70
відв'язуєтесь	70
відв'язуєтеся	70
відв'язується	70
відв'язуєш	70
відв'язуєшся	70
відеопам'яттю	70
відеопам'ять	70
відеопам'яті	70
відіб'ю	70
відіб'юсь	70
відіб'юся	70
відіб'ють	70
відіб'ються	70
відіб'є	70
відіб'ємо	70
відіб'ємось	70
відіб'ємося	70
відіб'єте	70
відіб'єтесь	70
відіб'єтеся	70
відіб'ється	70
відіб'єш	70
відіб'єшся	70
відіп'ю	70
відіп'ють	70
відіп'є	70
відіп'ємо	70
відіп'єте	70
відіп'єш	70
військовозобов'язаний	70
військовозобов'язаним	70
військовозобов'язаними	70
військовозобов'язаних	70
військовозобов'язаного	70
військовозобов'язаному	70
військовозобов'язані	70
вікопам'ятна	70
вікопам'ятне	70
вікопам'ятний	70
вікопам'ятним	70
вікопам'ятними	70
вікопам'ятних	70
вікопам'ятного	70
вікопам'ятному	70
вікопам'ятною	70
вікопам'ятної	70
вікопам'ятну	70
вікопам'ятні	70
вікопам'ятній	70
вікопам'ятнім	70
вір'ю	70
вір'я	70
вір'ям	70
вір'ї	70
вічнопам'ятна	70
вічнопам'ятне	70
вічнопам'ятний	70
вічнопам'ятним	70
вічнопам'ятними	70
вічнопам'ятних	70
вічнопам'ятного	70
вічнопам'ятному	70
вічнопам'ятною	70
вічнопам'ятної	70
вічнопам'ятну	70
вічнопам'ятні	70
вічнопам'ятній	70
вічнопам'ятнім	70
ганчір'ю	70
ганчір'я	70
ганчір'ям	70
ганчір'ї	70
глазур'ю	70
голуб'ятина	70
голуб'ятини	70
голуб'ятиною	70
голуб'ятину	70
голуб'ятині	70
голуб'ятка	70
голуб'ятко	70
голуб'ятком	70
голуб'ятку	70
голуб'ятник	70
голуб'ятника	70
голуб'ятникам	70
голуб'ятниками	70
голуб'ятниках	70
голуб'ятники	70
голуб'ятникові	70
голуб'ятником	70
голуб'ятнику	70
голуб'ятників	70
голуб'яточка	70
голуб'яточко	70
голуб'яточком	70
голуб'яточку	70
голуб'яча	70
голуб'яче	70
голуб'ячий	70
голуб'ячим	70
голуб'ячими	70
голуб'ячих	70
голуб'ячого	70
голуб'ячому	70
голуб'ячою	70
голуб'ячої	70
голуб'ячу	70
голуб'ячі	70
голуб'ячій	70
голуб'ячім	70
гороб'яча	70
гороб'яче	70
гороб'ячий	70
гороб'ячим	70
гороб'ячими	70
гороб'ячих	70
гороб'ячого	70
гороб'ячому	70
гороб'ячою	70
гороб'ячої	70
гороб'ячу	70
гороб'ячі	70
гороб'ячій	70
гороб'ячім	70
гострослів'ю	70
гострослів'я	70
гострослів'ям	70
гострослів'ї	70
гіперзв'язкам	70
гіперзв'язками	70
гіперзв'язках	70
гіперзв'язки	70
гіперзв'язкові	70
гіперзв'язком	70
гіперзв'язку	70
гіперзв'язків	70
гіперзв'язок	70
д'Арк	70
двадцятип'ятирічна	70
двадцятип'ятирічне	70
двадцятип'ятирічний	70
двадцятип'ятирічним	70
двадцятип'ятирічними	70
двадцятип'ятирічних	70
двадцятип'ятирічного	70
двадцятип'ятирічному	70
двадцятип'ятирічною	70
двадцятип'ятирічної	70
двадцятип'ятирічну	70
двадцятип'ятирічні	70
двадцятип'ятирічній	70
двадцятип'ятирічнім	70
двох'ярусна	70
двох'ярусне	70
двох'ярусний	70
двох'ярусним	70
двох'ярусними	70
двох'ярусних	70
двох'ярусно	70
двох'ярусного	70
двох'ярусному	70
двох'ярусності	70
двох'ярусною	70
двох'ярусної	70
двох'ярусну	70
двох'ярусні	70
двох'ярусній	70
двох'яруснім	70
двох'ярусність	70
двох'ярусністю	70
дев'яноста	70
дев'яносте	70
дев'яностий	70
дев'яностим	70
дев'яностими	70
дев'яностих	70
дев'яносто	70
дев'яностого	70
дев'яностолітнього	70
дев'яностолітньому	70
дев'яностолітньою	70
дев'яностолітньої	70
дев'яностолітню	70
дев'яностолітня	70
дев'яностолітнє	70
дев'яностолітні	70
дев'яностолітній	70
дев'яностолітнім	70
дев'яностолітніми	70
дев'яностолітніх	70
дев'яностому	70
дев'яносторічна	70
дев'яносторічне	70
дев'яносторічний	70
дев'яносторічним	70
дев'яносторічними	70
дев'яносторічних	70
дев'яносторічного	70
дев'яносторічному	70
дев'яносторічною	70
дев'яносторічної	70
дев'яносторічну	70
дев'яносторічні	70
дев'яносторічній	70
дев'яносторічнім	70
дев'яностою	70
дев'яностої	70
дев'яносту	70
дев'яності	70
дев'яностій	70
дев'яностім	70
дев'ята	70
дев'яте	70
дев'ятерик	70
дев'ятерика	70
дев'ятерикова	70
дев'ятерикове	70
дев'ятериковий	70
дев'ятериковим	70
дев'ятериковими	70
дев'ятерикових	70
дев'ятерикового	70
дев'ятериковому	70
дев'ятериковою	70
дев'ятерикової	70
дев'ятерикову	70
дев'ятерикові	70
дев'ятериковій	70
дев'ятериковім	70
дев'ятериком	70
дев'ятерику	70
дев'ятеро	70
дев'яти	70
дев'ятигранник	70
дев'ятигранника	70
дев'ятигранникам	70
дев'ятигранниками	70
дев'ятигранниках	70
дев'ятигранники	70
дев'ятигранникові	70
дев'ятигранником	70
дев'ятиграннику	70
дев'ятигранників	70
дев'ятий	70
дев'ятикласник	70
дев'ятикласника	70
дев'ятикласникам	70
дев'ятикласниками	70
дев'ятикласниках	70
дев'ятикласники	70
дев'ятикласникові	70
дев'ятикласником	70
дев'ятикласнику	70
дев'ятикласників	70
дев'ятикратна	70
дев'ятикратне	70
дев'ятикратний	70
дев'ятикратним	70
дев'ятикратними	70
дев'ятикратних	70
дев'ятикратно	70
дев'ятикратного	70
дев'ятикратному	70
дев'ятикратності	70
дев'ятикратною	70
дев'ятикратної	70
дев'ятикратну	70
дев'ятикратні	70
дев'ятикратній	70
дев'ятикратнім	70
дев'ятикратність	70
дев'ятикратністю	70
дев'ятикутник	70
дев'ятикутника	70
дев'ятикутникам	70
дев'ятикутниками	70
дев'ятикутниках	70
дев'ятикутники	70
дев'ятикутникові	70
дев'ятикутником	70
дев'ятикутнику	70
дев'ятикутників	70
дев'ятиліттю	70
дев'ятиліття	70
дев'ятиліттям	70
дев'ятилітті	70
дев'ятим	70
дев'ятими	70
дев'ятимісячна	70
дев'ятимісячне	70
дев'ятимісячний	70
дев'ятимісячним	70
дев'ятимісячними	70
дев'ятимісячних	70
дев'ятимісячного	70
дев'ятимісячному	70
дев'ятимісячною	70
дев'ятимісячної	70
дев'ятимісячну	70
дев'ятимісячні	70
дев'ятимісячній	70
дев'ятимісячнім	70
дев'ятиповерхова	70
дев'ятиповерхове	70
дев'ятиповерховий	70
дев'ятиповерховим	70
дев'ятиповерховими	70
дев'ятиповерхових	70
дев'ятиповерхового	70
дев'ятиповерховому	70
дев'ятиповерховості	70
дев'ятиповерховою	70
дев'ятиповерхової	70
дев'ятиповерхову	70
дев'ятиповерхові	70
дев'ятиповерховій	70
дев'ятиповерховім	70
дев'ятиповерховість	70
дев'ятиповерховістю	70
дев'ятиразова	70
дев'ятиразове	70
дев'ятиразовий	70
дев'ятиразовим	70
дев'ятиразовими	70
дев'ятиразових	70
дев'ятиразового	70
дев'ятиразовому	70
дев'ятиразовою	70
дев'ятиразової	70
дев'ятиразову	70
дев'ятиразові	70
дев'ятиразовій	70
дев'ятиразовім	70
дев'ятирічка	70
дев'ятирічкам	70
дев'ятирічками	70
дев'ятирічках	70
дев'ятирічки	70
дев'ятирічкою	70
дев'ятирічку	70
дев'ятирічна	70
дев'ятирічне	70
дев'ятирічний	70
дев'ятирічним	70
дев'ятирічними	70
дев'ятирічних	70
дев'ятирічного	70
дев'ятирічному	70
дев'ятирічною	70
дев'ятирічної	70
дев'ятирічну	70
дев'ятирічні	70
дев'ятирічній	70
дев'ятирічнім	70
дев'ятирічок	70
дев'ятирічці	70
дев'ятискладова	70
дев'ятискладове	70
дев'ятискладовий	70
дев'ятискладовим	70
дев'ятискладовими	70
дев'ятискладових	70
дев'ятискладового	70
дев'ятискладовому	70
дев'ятискладовою	70
дев'ятискладової	70
дев'ятискладову	70
дев'ятискладові	70
дев'ятискладовій	70
дев'ятискладовім	70
дев'ятисот	70
дев'ятисота	70
дев'ятисоте	70
дев'ятисотий	70
дев'ятисотим	70
дев'ятисотими	70
дев'ятисотих	70
дев'ятисотого	70
дев'ятисотому	70
дев'ятисотою	70
дев'ятисотої	70
дев'ятисоту	70
дев'ятисоті	70
дев'ятисотій	70
дев'ятисотім	70
дев'ятиста	70
дев'ятистам	70
дев'ятистах	70
дев'ятих	70
дев'ятихвилинна	70
дев'ятихвилинне	70
дев'ятихвилинний	70
дев'ятихвилинним	70
дев'ятихвилинними	70
дев'ятихвилинних	70
дев'ятихвилинного	70
дев'ятихвилинному	70
дев'ятихвилинною	70
дев'ятихвилинної	70
дев'ятихвилинну	70
дев'ятихвилинні	70
дев'ятихвилинній	70
дев'ятихвилиннім	70
дев'ятка	70
дев'яткам	70
дев'ятками	70
дев'ятках	70
дев'ятки	70
дев'яткова	70
дев'яткове	70
дев'ятковий	70
дев'ятковим	70
дев'ятковими	70
дев'яткових	70
дев'яткового	70
дев'ятковому	70
дев'ятковою	70
дев'яткової	70
дев'яткову	70
дев'яткові	70
дев'ятковій	70
дев'ятковім	70
дев'яткою	70
дев'ятку	70
дев'ятнадцята	70
дев'ятнадцяте	70
дев'ятнадцяти	70
дев'ятнадцятий	70
дев'ятнадцятим	70
дев'ятнадцятими	70
дев'ятнадцятирічна	70
дев'ятнадцятирічне	70
дев'ятнадцятирічний	70
дев'ятнадцятирічним	70
дев'ятнадцятирічними	70
дев'ятнадцятирічних	70
дев'ятнадцятирічного	70
дев'ятнадцятирічному	70
дев'ятнадцятирічною	70
дев'ятнадцятирічної	70
дев'ятнадцятирічну	70
дев'ятнадцятирічні	70
дев'ятнадцятирічній	70
дев'ятнадцятирічнім	70
дев'ятнадцятих	70
дев'ятнадцятого	70
дев'ятнадцятому	70
дев'ятнадцятою	70
дев'ятнадцятої	70
дев'ятнадцяту	70
дев'ятнадцять	70
дев'ятнадцятьма	70
дев'ятнадцятьом	70
дев'ятнадцятьох	70
дев'ятнадцяті	70
дев'ятнадцятій	70
дев'ятнадцятім	70
дев'ятого	70
дев'яток	70
дев'ятому	70
дев'ятою	70
дев'ятої	70
дев'ятсот	70
дев'яту	70
дев'ятці	70
дев'ять	70
дев'ятьма	70
дев'ятьом	70
дев'ятьох	70
дев'яті	70
дев'ятій	70
дев'ятім	70
дерев'яна	70
дерев'яне	70
дерев'яний	70
дерев'яним	70
дерев'яними	70
дерев'яниста	70
дерев'янисте	70
дерев'янистий	70
дерев'янистим	70
дерев'янистими	70
дерев'янистих	70
дерев'янистого	70
дерев'янистому	70
дерев'янистості	70
дерев'янистою	70
дерев'янистої	70
дерев'янисту	70
дерев'янисті	70
дерев'янистій	70
дерев'янистім	70
дерев'янистість	70
дерев'янистістю	70
дерев'яних	70
дерев'яного	70
дерев'яному	70
дерев'яною	70
дерев'яної	70
дерев'яну	70
дерев'яні	70
дерев'янів	70
дерев'яній	70
дерев'яніймо	70
дерев'янійте	70
дерев'яніла	70
дерев'яніли	70
дерев'яніло	70
дерев'янім	70
дерев'янінню	70
дерев'яніння	70
дерев'янінням	70
дерев'янінні	70
дерев'яніти	70
дерев'янію	70
дерев'яніють	70
дерев'яніючи	70
дерев'яніє	70
дерев'яніємо	70
дерев'янієте	70
дерев'янієш	70
держзобов'язанню	70
держзобов'язання	70
держзобов'язанням	70
держзобов'язаннями	70
держзобов'язаннях	70
держзобов'язанні	70
держзобов'язань	70
держоб'єднанню	70
держоб'єднання	70
держоб'єднанням	70
держоб'єднаннями	70
держоб'єднаннях	70
держоб'єднанні	70
держоб'єднань	70
диз'юнктивна	70
диз'юнктивне	70
диз'юнктивний	70
диз'юнктивним	70
диз'юнктивними	70
диз'юнктивних	70
диз'юнктивного	70
диз'юнктивному	70
диз'юнктивності	70
диз'юнктивною	70
диз'юнктивної	70
диз'юнктивну	70
диз'юнктивні	70
диз'юнктивній	70
диз'юнктивнім	70
диз'юнктивність	70
диз'юнктивністю	70
диз'юнкцій	70
диз'юнкцію	70
диз'юнкція	70
диз'юнкціям	70
диз'юнкціями	70
диз'юнкціях	70
диз'юнкцією	70
диз'юнкції	70
дипкур'єр	70
дипкур'єра	70
дипкур'єрам	70
дипкур'єрами	70
дипкур'єрах	70
дипкур'єри	70
дипкур'єрові	70
дипкур'єром	70
дипкур'єру	70
дипкур'єрі	70
дипкур'єрів	70
дистриб'ютор	70
дистриб'ютора	70
дистриб'юторам	70
дистриб'юторами	70
дистриб'юторах	70
дистриб'ютори	70
дистриб'юторові	70
дистриб'ютором	70
дистриб'ютору	70
дистриб'юторі	70
дистриб'юторів	70
доб'ю	70
доб'юсь	70
доб'юся	70
доб'ють	70
доб'ються	70
доб'є	70
доб'ємо	70
доб'ємось	70
доб'ємося	70
доб'єте	70
доб'єтесь	70
доб'єтеся	70
доб'ється	70
доб'єш	70
доб'єшся	70
дов'яже	70
дов'яжемо	70
дов'яжемось	70
дов'яжемося	70
дов'яжете	70
дов'яжетесь	70
дов'яжетеся	70
дов'яжеться	70
дов'яжеш	70
дов'яжешся	70
дов'яжи	70
дов'яжись	70
дов'яжися	70
дов'яжу	70
дов'яжусь	70
дов'яжуся	70
дов'яжуть	70
дов'яжуться	70
дов'яжімо	70
дов'яжімось	70
дов'яжімося	70
дов'яжіть	70
дов'яжіться	70
дов'язав	70
дов'язавсь	70
дов'язався	70
дов'язала	70
дов'язалась	70
дов'язалася	70
дов'язали	70
дов'язались	70
дов'язалися	70
дов'язало	70
дов'язалось	70
дов'язалося	70
дов'язана	70
дов'язане	70
дов'язаний	70
дов'язаним	70
дов'язаними	70
дов'язаних	70
дов'язаного	70
дов'язаному	70
дов'язаною	70
дов'язаної	70
дов'язану	70
дов'язані	70
дов'язаній	70
дов'язанім	70
дов'язати	70
дов'язатись	70
дов'язатися	70
дов'язував	70
дов'язувавсь	70
дов'язувався	70
дов'язувала	70
дов'язувалась	70
дов'язувалася	70
дов'язували	70
дов'язувались	70
дов'язувалися	70
дов'язувало	70
дов'язувалось	70
дов'язувалося	70
дов'язуванню	70
дов'язування	70
дов'язуванням	70
дов'язуванні	70
дов'язувати	70
дов'язуватиме	70
дов'язуватимемо	70
дов'язуватимемось	70
дов'язуватимемося	70
дов'язуватимете	70
дов'язуватиметесь	70
дов'язуватиметеся	70
дов'язуватиметься	70
дов'язуватимеш	70
дов'язуватимешся	70
дов'язуватиму	70
дов'язуватимусь	70
дов'язуватимуся	70
дов'язуватимуть	70
дов'язуватимуться	70
дов'язуватись	70
дов'язуватися	70
дов'язуй	70
дов'язуймо	70
дов'язуймось	70
дов'язуймося	70
дов'язуйсь	70
дов'язуйся	70
дов'язуйте	70
дов'язуйтесь	70
дов'язуйтеся	70
дов'язую	70
дов'язуюсь	70
дов'язуюся	70
дов'язують	70
дов'язуються	70
дов'язує	70
дов'язуємо	70
дов'язуємось	70
дов'язуємося	70
дов'язуєте	70
дов'язуєтесь	70
дов'язуєтеся	70
дов'язується	70
дов'язуєш	70
дов'язуєшся	70
довгов'яза	70
довгов'язе	70
довгов'язий	70
довгов'язим	70
довгов'язими	70
довгов'язих	70
довгов'язого	70
довгов'язому	70
довгов'язою	70
довгов'язої	70
довгов'язу	70
довгов'язі	70
довгов'язій	70
довгов'язім	70
довір'ю	70
довір'я	70
довір'ям	70
довір'ї	70
доп'ю	70
доп'юсь	70
доп'юся	70
доп'ють	70
доп'ються	70
доп'є	70
доп'ємо	70
доп'ємось	70
доп'ємося	70
доп'єте	70
доп'єтесь	70
доп'єтеся	70
доп'ється	70
доп'єш	70
доп'єшся	70
достопам'ятна	70
достопам'ятне	70
достопам'ятний	70
достопам'ятним	70
достопам'ятними	70
достопам'ятних	70
достопам'ятного	70
достопам'ятному	70
достопам'ятності	70
достопам'ятною	70
достопам'ятної	70
достопам'ятну	70
достопам'ятні	70
достопам'ятній	70
достопам'ятнім	70
достопам'ятність	70
достопам'ятністю	70
дров'яна	70
дров'яне	70
дров'яний	70
дров'яним	70
дров'яними	70
дров'яних	70
дров'яного	70
дров'яному	70
дров'яною	70
дров'яної	70
дров'яну	70
дров'яні	70
дров'яній	70
дров'янім	70
дріб'язкова	70
дріб'язкове	70
дріб'язковий	70
дріб'язковим	70
дріб'язковими	70
дріб'язкових	70
дріб'язково	70
дріб'язкового	70
дріб'язковому	70
дріб'язковостей	70
дріб'язковостям	70
дріб'язковостями	70
дріб'язковостях	70
дріб'язковості	70
дріб'язковою	70
дріб'язкової	70
дріб'язкову	70
дріб'язкові	70
дріб'язковій	70
дріб'язковім	70
дріб'язковість	70
дріб'язковістю	70
дріб'язком	70
дріб'язку	70
дріб'язок	70
дуб'ю	70
дуб'я	70
дуб'ям	70
дуб'ї	70
екстер'єр	70
екстер'єрам	70
екстер'єрами	70
екстер'єрах	70
екстер'єри	70
екстер'єрові	70
екстер'єром	70
екстер'єру	70
екстер'єрі	70
екстер'єрів	70
електрозв'язкам	70
електрозв'язками	70
електрозв'язках	70
електрозв'язки	70
електрозв'язкові	70
електрозв'язком	70
електрозв'язку	70
електрозв'язків	70
електрозв'язок	70
жаб'яча	70
жаб'яче	70
жаб'ячий	70
жаб'ячим	70
жаб'ячими	70
жаб'ячих	70
жаб'ячого	70
жаб'ячому	70
жаб'ячою	70
жаб'ячої	70
жаб'ячу	70
жаб'ячі	70
жаб'ячій	70
жаб'ячім	70
жереб'яча	70
жереб'яче	70
жереб'ячий	70
жереб'ячим	70
жереб'ячими	70
жереб'ячих	70
жереб'ячого	70
жереб'ячому	70
жереб'ячою	70
жереб'ячої	70
жереб'ячу	70
жереб'ячі	70
жереб'ячій	70
жереб'ячім	70
жнив'яна	70
жнив'яне	70
жнив'яний	70
жнив'яним	70
жнив'яними	70
жнив'яних	70
жнив'яного	70
жнив'яному	70
жнив'яною	70
жнив'яної	70
жнив'яну	70
жнив'яні	70
жнив'яній	70
жнив'янім	70
жовчнокам'яна	70
жовчнокам'яне	70
жовчнокам'яний	70
жовчнокам'яним	70
жовчнокам'яними	70
жовчнокам'яних	70
жовчнокам'яного	70
жовчнокам'яному	70
жовчнокам'яною	70
жовчнокам'яної	70
жовчнокам'яну	70
жовчнокам'яні	70
жовчнокам'яній	70
жовчнокам'янім	70
з'юрмивсь	70
з'юрмився	70
з'юрмилась	70
з'юрмилася	70
з'юрмились	70
з'юрмилися	70
з'юрмилось	70
з'юрмилося	70
з'юрмимось	70
з'юрмимося	70
з'юрмитесь	70
з'юрмитеся	70
з'юрмитись	70
з'юрмитися	70
з'юрмиться	70
з'юрмишся	70
з'юрмлюсь	70
з'юрмлюся	70
з'юрмляться	70
з'явивсь	70
з'явився	70
з'явившись	70
з'явилась	70
з'явилася	70
з'явились	70
з'явилися	70
з'явилось	70
з'явилося	70
з'явимось	70
з'явимося	70
з'явись	70
з'явися	70
з'явитесь	70
з'явитеся	70
з'явитись	70
з'явитися	70
з'явиться	70
з'явишся	70
з'явленню	70
з'явлення	70
з'явленням	70
з'явленнями	70
з'явленнях	70
з'явленні	70
з'явлень	70
з'явлюсь	70
з'явлюся	70
з'являвсь	70
з'являвся	70
з'являймось	70
з'являймося	70
з'являйсь	70
з'являйся	70
з'являйтесь	70
з'являйтеся	70
з'являлась	70
з'являлася	70
з'являлись	70
з'являлися	70
з'являлось	70
з'являлося	70
з'являтимемось	70
з'являтимемося	70
з'являтиметесь	70
з'являтиметеся	70
з'являтиметься	70
з'являтимешся	70
з'являтимусь	70
з'являтимуся	70
з'являтимуться	70
з'являтись	70
з'являтися	70
з'являться	70
з'являюсь	70
з'являюся	70
з'являються	70
з'являючись	70
з'являємось	70
з'являємося	70
з'являєтесь	70
з'являєтеся	70
з'являється	70
з'являєшся	70
з'явімось	70
з'явімося	70
з'явіться	70
з'ясована	70
з'ясоване	70
з'ясований	70
з'ясованим	70
з'ясованими	70
з'ясованих	70
з'ясовано	70
з'ясованого	70
з'ясованому	70
з'ясованою	70
з'ясованої	70
з'ясовану	70
з'ясовані	70
з'ясованій	70
з'ясованім	70
з'ясовна	70
з'ясовне	70
з'ясовний	70
з'ясовним	70
з'ясовними	70
з'ясовних	70
з'ясовного	70
з'ясовному	70
з'ясовною	70
з'ясовної	70
з'ясовну	70
з'ясовні	70
з'ясовній	70
з'ясовнім	70
з'ясовував	70
з'ясовувавсь	70
з'ясовувався	70
з'ясовувала	70
з'ясовувалась	70
з'ясовувалася	70
з'ясовували	70
з'ясовувались	70
з'ясовувалися	70
з'ясовувало	70
з'ясовувалось	70
з'ясовувалося	70
з'ясовувана	70
з'ясовуване	70
з'ясовуваний	70
з'ясовуваним	70
з'ясовуваними	70
з'ясовуваних	70
з'ясовуванню	70
з'ясовування	70
з'ясовуванням	70
з'ясовуваннями	70
з'ясовуваннях	70
з'ясовуванні	70
з'ясовуваного	70
з'ясовуваному	70
з'ясовуваною	70
з'ясовуваної	70
з'ясовувану	70
з'ясовувань	70
з'ясовувані	70
з'ясовуваній	70
з'ясовуванім	70
з'ясовувати	70
з'ясовуватиме	70
з'ясовуватимемо	70
з'ясовуватимемось	70
з'ясовуватимемося	70
з'ясовуватимете	70
з'ясовуватиметесь	70
з'ясовуватиметеся	70
з'ясовуватиметься	70
з'ясовуватимеш	70
з'ясовуватимешся	70
з'ясовуватиму	70
з'ясовуватимусь	70
з'ясовуватимуся	70
з'ясовуватимуть	70
з'ясовуватимуться	70
з'ясовуватись	70
з'ясовуватися	70
з'ясовуй	70
з'ясовуймо	70
з'ясовуймось	70
з'ясовуймося	70
з'ясовуйсь	70
з'ясовуйся	70
з'ясовуйте	70
з'ясовуйтесь	70
з'ясовуйтеся	70
з'ясовую	70
з'ясовуюсь	70
з'ясовуюся	70
з'ясовують	70
з'ясовуються	70
з'ясовуючи	70
з'ясовує	70
з'ясовуємо	70
з'ясовуємось	70
з'ясовуємося	70
з'ясовуєте	70
з'ясовуєтесь	70
з'ясовуєтеся	70
з'ясовується	70
з'ясовуєш	70
з'ясовуєшся	70
з'ясував	70
з'ясувавсь	70
з'ясувався	70
з'ясувавши	70
з'ясувала	70
з'ясувалась	70
з'ясувалася	70
з'ясували	70
з'ясувались	70
з'ясувалися	70
з'ясувало	70
з'ясувалось	70
з'ясувалося	70
з'ясувальна	70
з'ясувальне	70
з'ясувальний	70
з'ясувальним	70
з'ясувальними	70
з'ясувальних	70
з'ясувального	70
з'ясувальному	70
з'ясувальною	70
з'ясувальної	70
з'ясувальну	70
з'ясувальні	70
з'ясувальній	70
з'ясувальнім	70
з'ясуванню	70
з'ясування	70
з'ясуванням	70
з'ясуваннями	70
з'ясуваннях	70
з'ясуванні	70
з'ясувань	70
з'ясувати	70
з'ясуватись	70
з'ясуватися	70
з'ясуй	70
з'ясуймо	70
з'ясуймось	70
з'ясуймося	70
з'ясуйсь	70
з'ясуйся	70
з'ясуйте	70
з'ясуйтесь	70
з'ясуйтеся	70
з'ясую	70
з'ясуюсь	70
з'ясуюся	70
з'ясують	70
з'ясуються	70
з'ясує	70
з'ясуємо	70
з'ясуємось	70
з'ясуємося	70
з'ясуєте	70
з'ясуєтесь	70
з'ясуєтеся	70
з'ясується	70
з'ясуєш	70
з'ясуєшся	70
з'єднав	70
з'єднавсь	70
з'єднався	70
з'єднавши	70
з'єднай	70
з'єднаймо	70
з'єднаймось	70
з'єднаймося	70
з'єднайсь	70
з'єднайся	70
з'єднайте	70
з'єднайтесь	70
з'єднайтеся	70
з'єднала	70
з'єдналась	70
з'єдналася	70
з'єднали	70
з'єднались	70
з'єдналися	70
з'єднало	70
з'єдналось	70
з'єдналося	70
з'єднана	70
з'єднане	70
з'єднаний	70
з'єднаним	70
з'єднаними	70
з'єднаних	70
з'єднанню	70
з'єднання	70
з'єднанням	70
з'єднаннями	70
з'єднаннях	70
з'єднанні	70
з'єднано	70
з'єднаного	70
з'єднаному	70
з'єднаною	70
з'єднаної	70
з'єднану	70
з'єднань	70
з'єднані	70
з'єднаній	70
з'єднанім	70
з'єднати	70
з'єднатись	70
з'єднатися	70
з'єднаю	70
з'єднаюсь	70
з'єднаюся	70
з'єднають	70
з'єднаються	70
з'єднає	70
з'єднаємо	70
з'єднаємось	70
з'єднаємося	70
з'єднаєте	70
з'єднаєтесь	70
з'єднаєтеся	70
з'єднається	70
з'єднаєш	70
з'єднаєшся	70
з'єднував	70
з'єднувавсь	70
з'єднувався	70
з'єднувала	70
з'єднувалась	70
з'єднувалася	70
з'єднували	70
з'єднувались	70
з'єднувалися	70
з'єднувало	70
з'єднувалось	70
з'єднувалося	70
з'єднувальна	70
з'єднувальне	70
з'єднувальний	70
з'єднувальним	70
з'єднувальними	70
з'єднувальних	70
з'єднувального	70
з'єднувальному	70
з'єднувальною	70
з'єднувальної	70
з'єднувальну	70
з'єднувальні	70
з'єднувальній	70
з'єднувальнім	70
з'єднувана	70
з'єднуване	70
з'єднуваний	70
з'єднуваним	70
з'єднуваними	70
з'єднуваних	70
з'єднуванню	70
з'єднування	70
з'єднуванням	70
з'єднуваннями	70
з'єднуваннях	70
з'єднуванні	70
з'єднуваного	70
з'єднуваному	70
з'єднуваною	70
з'єднуваної	70
з'єднувану	70
з'єднувань	70
з'єднувані	70
з'єднуваній	70
з'єднуванім	70
з'єднувати	70
з'єднуватись	70
з'єднуватися	70
з'єднувач	70
з'єднувача	70
з'єднувачам	70
з'єднувачами	70
з'єднувачах	70
з'єднувачеві	70
з'єднувачем	70
з'єднувачу	70
з'єднувачі	70
з'єднувачів	70
з'єднуй	70
з'єднуймо	70
з'єднуймось	70
з'єднуймося	70
з'єднуйсь	70
з'єднуйся	70
з'єднуйте	70
з'єднуйтесь	70
з'єднуйтеся	70
з'єдную	70
з'єднуюсь	70
з'єднуюся	70
з'єднують	70
з'єднуються	70
з'єднуючи	70
з'єднує	70
з'єднуємо	70
з'єднуємось	70
з'єднуємося	70
з'єднуєте	70
з'єднуєтесь	70
з'єднуєтеся	70
з'єднується	70
з'єднуєш	70
з'єднуєшся	70
з'їв	70
з'ївши	70
з'їдав	70
з'їдавсь	70
з'їдався	70
з'їдай	70
з'їдаймо	70
з'їдаймось	70
з'їдаймося	70
з'їдайсь	70
з'їдайся	70
з'їдайте	70
з'їдайтесь	70
з'їдайтеся	70
з'їдала	70
з'їдалась	70
з'їдалася	70
з'їдали	70
з'їдались	70
з'їдалися	70
з'їдало	70
з'їдалось	70
з'їдалося	70
з'їдам	70
з'їдами	70
з'їданню	70
з'їдання	70
з'їданням	70
з'їданнями	70
з'їданнях	70
з'їданні	70
з'їдань	70
з'їдати	70
з'їдатись	70
з'їдатися	70
з'їдах	70
з'їдаю	70
з'їдаюсь	70
з'їдаюся	70
з'їдають	70
з'їдаються	70
з'їдаючи	70
з'їдає	70
з'їдаємо	70
з'їдаємось	70
з'їдаємося	70
з'їдаєте	70
з'їдаєтесь	70
з'їдаєтеся	70
з'їдається	70
з'їдаєш	70
з'їдаєшся	70
з'їде	70
з'їдемо	70
з'їдемось	70
з'їдемося	70
з'їдена	70
з'їдене	70
з'їдений	70
з'їденим	70
з'їденими	70
з'їдених	70
з'їденого	70
з'їденому	70
з'їденою	70
з'їденої	70
з'їдену	70
з'їдені	70
з'їденій	70
з'їденім	70
з'їдете	70
з'їдетесь	70
з'їдетеся	70
з'їдеться	70
з'їдеш	70
з'їдешся	70
з'їди	70
з'їдин	70
з'їдинам	70
з'їдинами	70
з'їдинах	70
з'їдини	70
з'їду	70
з'їдусь	70
з'їдуся	70
з'їдуть	70
з'їдуться	70
з'їдь	70
з'їдьмо	70
з'їдьмось	70
з'їдьмося	70
з'їдься	70
з'їдьте	70
з'їдьтесь	70
з'їдьтеся	70
з'їдять	70
з'їдів	70
з'їж	70
з'їжджав	70
з'їжджавсь	70
з'їжджався	70
з'їжджай	70
з'їжджаймо	70
з'їжджаймось	70
з'їжджаймося	70
з'їжджайсь	70
з'їжджайся	70
з'їжджайте	70
з'їжджайтесь	70
з'їжджайтеся	70
з'їжджала	70
з'їжджалась	70
з'їжджалася	70
з'їжджали	70
з'їжджались	70
з'їжджалися	70
з'їжджало	70
з'їжджалось	70
з'їжджалося	70
з'їжджати	70
з'їжджатиме	70
з'їжджатимемо	70
з'їжджатимемось	70
з'їжджатимемося	70
з'їжджатимете	70
з'їжджатиметесь	70
з'їжджатиметеся	70
з'їжджатиметься	70
з'їжджатимеш	70
з'їжджатимешся	70
з'їжджатиму	70
з'їжджатимусь	70
з'їжджатимуся	70
з'їжджатимуть	70
з'їжджатимуться	70
з'їжджатись	70
з'їжджатися	70
з'їжджаю	70
з'їжджаюсь	70
з'їжджаюся	70
з'їжджають	70
з'їжджаються	70
з'їжджаючи	70
з'їжджає	70
з'їжджаємо	70
з'їжджаємось	70
з'їжджаємося	70
з'їжджаєте	70
з'їжджаєтесь	70
з'їжджаєтеся	70
з'їжджається	70
з'їжджаєш	70
з'їжджаєшся	70
з'їжджена	70
з'їжджене	70
з'їжджений	70
з'їждженим	70
з'їждженими	70
з'їжджених	70
з'їждженого	70
з'їждженому	70
з'їждженою	70
з'їждженої	70
з'їжджену	70
з'їжджені	70
з'їждженій	70
з'їждженім	70
з'їжджу	70
з'їжджусь	70
з'їжджуся	70
з'їжмо	70
з'їжте	70
з'їзд	70
з'їздам	70
з'їздами	70
з'їздах	70
з'їзди	70
з'їздив	70
з'їздивсь	70
з'їздився	70
з'їздивши	70
з'їздила	70
з'їздилась	70
з'їздилася	70
з'їздили	70
з'їздились	70
з'їздилися	70
з'їздило	70
з'їздилось	70
з'їздилося	70
з'їздимо	70
з'їздимось	70
з'їздимося	70
з'їздите	70
з'їздитесь	70
з'їздитеся	70
з'їздити	70
з'їздитись	70
з'їздитися	70
з'їздить	70
з'їздиться	70
з'їздиш	70
з'їздишся	70
з'їздові	70
з'їздом	70
з'їзду	70
з'їздять	70
з'їздяться	70
з'їзді	70
з'їздів	70
з'їздівська	70
з'їздівське	70
з'їздівський	70
з'їздівським	70
з'їздівськими	70
з'їздівських	70
з'їздівського	70
з'їздівському	70
з'їздівською	70
з'їздівської	70
з'їздівську	70
з'їздівські	70
з'їздівській	70
з'їздівськім	70
з'їздімо	70
з'їздіть	70
з'їла	70
з'їли	70
з'їло	70
з'їм	70
з'їмо	70
з'їси	70
з'їсте	70
з'їсти	70
з'їсть	70
з'їхав	70
з'їхавсь	70
з'їхався	70
з'їхавши	70
з'їхала	70
з'їхалась	70
з'їхалася	70
з'їхали	70
з'їхались	70
з'їхалися	70
з'їхало	70
з'їхалось	70
з'їхалося	70
з'їхати	70
з'їхатись	70
з'їхатися	70
заб'ю	70
заб'юсь	70
заб'юся	70
заб'ють	70
заб'ються	70
заб'є	70
заб'ємо	70
заб'ємось	70
заб'ємося	70
заб'єте	70
заб'єтесь	70
заб'єтеся	70
заб'ється	70
заб'єш	70
заб'єшся	70
забур'янена	70
забур'янене	70
забур'янений	70
забур'яненим	70
забур'яненими	70
забур'янених	70
забур'яненню	70
забур'янення	70
забур'яненням	70
забур'яненні	70
забур'яненого	70
забур'яненому	70
забур'яненості	70
забур'яненою	70
забур'яненої	70
забур'янену	70
забур'янені	70
забур'яненій	70
забур'яненім	70
забур'яненість	70
забур'яненістю	70
зав'ю	70
зав'южена	70
зав'южене	70
зав'южений	70
зав'юженим	70
зав'юженими	70
зав'южених	70
зав'юженого	70
зав'юженому	70
зав'юженою	70
зав'юженої	70
зав'южену	70
зав'южені	70
зав'юженій	70
зав'юженім	70
зав'юсь	70
зав'юся	70
зав'ють	70
зав'ються	70
зав'ючать	70
зав'ючена	70
зав'ючене	70
зав'ючений	70
зав'юченим	70
зав'юченими	70
зав'ючених	70
зав'юченого	70
зав'юченому	70
зав'юченою	70
зав'юченої	70
зав'ючену	70
зав'ючені	70
зав'юченій	70
зав'юченім	70
зав'ючив	70
зав'ючила	70
зав'ючили	70
зав'ючило	70
зав'ючимо	70
зав'ючите	70
зав'ючити	70
зав'ючить	70
зав'ючиш	70
зав'ючу	70
зав'яже	70
зав'яжемо	70
зав'яжемось	70
зав'яжемося	70
зав'яжете	70
зав'яжетесь	70
зав'яжетеся	70
зав'яжеться	70
зав'яжеш	70
зав'яжешся	70
зав'яжи	70
зав'яжись	70
зав'яжися	70
зав'яжу	70
зав'яжусь	70
зав'яжуся	70
зав'яжуть	70
зав'яжуться	70
зав'яжімо	70
зав'яжімось	70
зав'яжімося	70
зав'яжіть	70
зав'яжіться	70
зав'яз	70
зав'язав	70
зав'язавсь	70
зав'язався	70
зав'язавши	70
зав'язала	70
зав'язалась	70
зав'язалася	70
зав'язали	70
зав'язались	70
зав'язалися	70
зав'язало	70
зав'язалось	70
зав'язалося	70
зав'язана	70
зав'язане	70
зав'язаний	70
зав'язаним	70
зав'язаними	70
зав'язаних	70
зав'язано	70
зав'язаного	70
зав'язаному	70
зав'язаною	70
зав'язаної	70
зав'язану	70
зав'язані	70
зав'язаній	70
зав'язанім	70
зав'язати	70
зав'язатись	70
зав'язатися	70
зав'яззю	70
зав'язка	70
зав'язкам	70
зав'язками	70
зав'язках	70
зав'язки	70
зав'язкою	70
зав'язку	70
зав'язла	70
зав'язли	70
зав'язло	70
зав'язне	70
зав'язнемо	70
зав'язнете	70
зав'язнеш	70
зав'язни	70
зав'язну	70
зав'язнув	70
зав'язнула	70
зав'язнули	70
зав'язнуло	70
зав'язнути	70
зав'язнуть	70
зав'язнімо	70
зав'язніть	70
зав'язок	70
зав'язував	70
зав'язувавсь	70
зав'язувався	70
зав'язувала	70
зав'язувалась	70
зав'язувалася	70
зав'язували	70
зав'язувались	70
зав'язувалися	70
зав'язувало	70
зав'язувалось	70
зав'язувалося	70
зав'язуванню	70
зав'язування	70
зав'язуванням	70
зав'язуваннями	70
зав'язуваннях	70
зав'язуванні	70
зав'язувань	70
зав'язувати	70
зав'язуватись	70
зав'язуватися	70
зав'язуй	70
зав'язуймо	70
зав'язуймось	70
зав'язуймося	70
зав'язуйсь	70
зав'язуйся	70
зав'язуйте	70
зав'язуйтесь	70
зав'язуйтеся	70
зав'язую	70
зав'язуюсь	70
зав'язуюся	70
зав'язують	70
зав'язуються	70
зав'язуючи	70
зав'язує	70
зав'язуємо	70
зав'язуємось	70
зав'язуємося	70
зав'язуєте	70
зав'язуєтесь	70
зав'язуєтеся	70
зав'язується	70
зав'язуєш	70
зав'язуєшся	70
зав'язці	70
зав'язь	70
зав'язі	70
зав'яла	70
зав'яле	70
зав'ялена	70
зав'ялене	70
зав'ялений	70
зав'яленим	70
зав'яленими	70
зав'ялених	70
зав'яленого	70
зав'яленому	70
зав'яленою	70
зав'яленої	70
зав'ялену	70
зав'ялені	70
зав'яленій	70
зав'яленім	70
зав'ялив	70
зав'яливсь	70
зав'ялився	70
зав'ялий	70
зав'ялила	70
зав'ялилась	70
зав'ялилася	70
зав'ялили	70
зав'ялились	70
зав'ялилися	70
зав'ялило	70
зав'ялилось	70
зав'ялилося	70
зав'ялим	70
зав'ялими	70
зав'ялимо	70
зав'ялимось	70
зав'ялимося	70
зав'ялите	70
зав'ялитесь	70
зав'ялитеся	70
зав'ялити	70
зав'ялитись	70
зав'ялитися	70
зав'ялить	70
зав'ялиться	70
зав'ялих	70
зав'ялиш	70
зав'ялишся	70
зав'ялого	70
зав'ялому	70
зав'ялою	70
зав'ялої	70
зав'ялу	70
зав'ялю	70
зав'ялював	70
зав'ялювавсь	70
зав'ялювався	70
зав'ялювала	70
зав'ялювалась	70
зав'ялювалася	70
зав'ялювали	70
зав'ялювались	70
зав'ялювалися	70
зав'ялювало	70
зав'ялювалось	70
зав'ялювалося	70
зав'ялюванню	70
зав'ялювання	70
зав'ялюванням	70
зав'ялюванні	70
зав'ялювати	70
зав'ялюватись	70
зав'ялюватися	70
зав'ялюй	70
зав'ялюймо	70
зав'ялюймось	70
зав'ялюймося	70
зав'ялюйсь	70
зав'ялюйся	70
зав'ялюйте	70
зав'ялюйтесь	70
зав'ялюйтеся	70
зав'ялюсь	70
зав'ялюся	70
зав'ялюю	70
зав'ялююсь	70
зав'ялююся	70
зав'ялюють	70
зав'ялюються	70
зав'ялює	70
зав'ялюємо	70
зав'ялюємось	70
зав'ялюємося	70
зав'ялюєте	70
зав'ялюєтесь	70
зав'ялюєтеся	70
зав'ялюється	70
зав'ялюєш	70
зав'ялюєшся	70
зав'ялять	70
зав'яляться	70
зав'ялі	70
зав'ялій	70
зав'ялім	70
зав'яне	70
зав'янемо	70
зав'янете	70
зав'янеш	70
зав'яну	70
зав'янув	70
зав'янула	70
зав'янули	70
зав'януло	70
зав'янути	70
зав'януть	70
зав'є	70
зав'ємо	70
зав'ємось	70
зав'ємося	70
зав'єте	70
зав'єтесь	70
зав'єтеся	70
зав'ється	70
зав'єш	70
зав'єшся	70
загальнообов'язкова	70
загальнообов'язкове	70
загальнообов'язковий	70
загальнообов'язковим	70
загальнообов'язковими	70
загальнообов'язкових	70
загальнообов'язкового	70
загальнообов'язковому	70
загальнообов'язковостей	70
загальнообов'язковостям	70
загальнообов'язковостями	70
загальнообов'язковостях	70
загальнообов'язковості	70
загальнообов'язковою	70
загальнообов'язкової	70
загальнообов'язкову	70
загальнообов'язкові	70
загальнообов'язковій	70
загальнообов'язковім	70
загальнообов'язковість	70
загальнообов'язковістю	70
загальнослов'янська	70
загальнослов'янське	70
загальнослов'янський	70
загальнослов'янським	70
загальнослов'янськими	70
загальнослов'янських	70
загальнослов'янського	70
загальнослов'янському	70
загальнослов'янською	70
загальнослов'янської	70
загальнослов'янську	70
загальнослов'янські	70
загальнослов'янській	70
загальнослов'янськім	70
загір'ю	70
загір'я	70
загір'ям	70
загір'ї	70
задвір'ю	70
задвір'я	70
задвір'ям	70
задвір'ї	70
задерев'янів	70
задерев'яній	70
задерев'яніймо	70
задерев'янійте	70
задерев'яніла	70
задерев'яніле	70
задерев'яніли	70
задерев'янілий	70
задерев'янілим	70
задерев'янілими	70
задерев'янілих	70
задерев'яніло	70
задерев'янілого	70
задерев'янілому	70
задерев'янілості	70
задерев'янілою	70
задерев'янілої	70
задерев'янілу	70
задерев'янілі	70
задерев'янілій	70
задерев'янілім	70
задерев'янілість	70
задерев'янілістю	70
задерев'яніти	70
задерев'янію	70
задерев'яніють	70
задерев'яніє	70
задерев'яніємо	70
задерев'янієте	70
задерев'янієш	70
закам'янів	70
закам'яній	70
закам'яніймо	70
закам'янійте	70
закам'яніла	70
закам'яніле	70
закам'яніли	70
закам'янілий	70
закам'янілим	70
закам'янілими	70
закам'янілих	70
закам'яніло	70
закам'янілого	70
закам'янілому	70
закам'янілостей	70
закам'янілостям	70
закам'янілостями	70
закам'янілостях	70
закам'янілості	70
закам'янілою	70
закам'янілої	70
закам'янілу	70
закам'янілі	70
закам'янілій	70
закам'янілім	70
закам'янілість	70
закам'янілістю	70
закам'янінню	70
закам'яніння	70
закам'янінням	70
закам'янінні	70
закам'яніти	70
закам'янію	70
закам'яніють	70
закам'яніє	70
закам'яніємо	70
закам'янієте	70
закам'янієш	70
закип'ятив	70
закип'ятила	70
закип'ятили	70
закип'ятило	70
закип'ятимо	70
закип'ятите	70
закип'ятити	70
закип'ятить	70
закип'ятиш	70
закип'ятять	70
закип'ячена	70
закип'ячене	70
закип'ячений	70
закип'яченим	70
закип'яченими	70
закип'ячених	70
закип'яченого	70
закип'яченому	70
закип'яченою	70
закип'яченої	70
закип'ячену	70
закип'ячені	70
закип'яченій	70
закип'яченім	70
закип'ячу	70
зам'яв	70
зам'явсь	70
зам'явся	70
зам'яка	70
зам'яке	70
зам'який	70
зам'яким	70
зам'якими	70
зам'яких	70
зам'якого	70
зам'якому	70
зам'якою	70
зам'якої	70
зам'яку	70
зам'які	70
зам'якій	70
зам'якім	70
зам'яла	70
зам'ялась	70
зам'ялася	70
зам'яли	70
зам'ялись	70
зам'ялися	70
зам'яло	70
зам'ялось	70
зам'ялося	70
зам'ята	70
зам'яте	70
зам'яти	70
зам'ятий	70
зам'ятим	70
зам'ятими	70
зам'ятись	70
зам'ятися	70
зам'ятих	70
зам'ято	70
зам'ятого	70
зам'ятому	70
зам'ятою	70
зам'ятої	70
зам'яту	70
зам'яті	70
зам'ятій	70
зам'ятім	70
заозер'ю	70
заозер'я	70
заозер'ям	70
заозер'ями	70
заозер'ях	70
заозер'ї	70
заозер'їв	70
зап'ю	70
зап'ють	70
зап'ясти	70
зап'ястка	70
зап'ясткам	70
зап'ястками	70
зап'ястках	70
зап'ястки	70
зап'ясткова	70
зап'ясткове	70
зап'ястковий	70
зап'ястковим	70
зап'ястковими	70
зап'ясткових	70
зап'ясткового	70
зап'ястковому	70
зап'ястковою	70
зап'ясткової	70
зап'ясткову	70
зап'ясткові	70
зап'ястковій	70
зап'ястковім	70
зап'ястком	70
зап'ястку	70
зап'ястків	70
зап'ясток	70
зап'ясть	70
зап'ястю	70
зап'ястя	70
зап'ястям	70
зап'ястями	70
зап'ястях	70
зап'ясті	70
зап'є	70
зап'ємо	70
зап'єте	70
зап'єш	70
запам'ятав	70
запам'ятавсь	70
запам'ятався	70
запам'ятавши	70
запам'ятай	70
запам'ятаймо	70
запам'ятаймось	70
запам'ятаймося	70
запам'ятайсь	70
запам'ятайся	70
запам'ятайте	70
запам'ятайтесь	70
запам'ятайтеся	70
запам'ятала	70
запам'яталась	70
запам'яталася	70
запам'ятали	70
запам'ятались	70
запам'яталися	70
запам'ятало	70
запам'яталось	70
запам'яталося	70
запам'ятанню	70
запам'ятання	70
запам'ятанням	70
запам'ятанні	70
запам'ятати	70
запам'ятатись	70
запам'ятатися	70
запам'ятаю	70
запам'ятаюсь	70
запам'ятаюся	70
запам'ятають	70
запам'ятаються	70
запам'ятає	70
запам'ятаємо	70
запам'ятаємось	70
запам'ятаємося	70
запам'ятаєте	70
запам'ятаєтесь	70
запам'ятаєтеся	70
запам'ятається	70
запам'ятаєш	70
запам'ятаєшся	70
запам'ятовано	70
запам'ятовував	70
запам'ятовувавсь	70
запам'ятовувався	70
запам'ятовувала	70
запам'ятовувалась	70
запам'ятовувалася	70
запам'ятовували	70
запам'ятовувались	70
запам'ятовувалися	70
запам'ятовувало	70
запам'ятовувалось	70
запам'ятовувалося	70
запам'ятовувальна	70
запам'ятовувальне	70
запам'ятовувальний	70
запам'ятовувальним	70
запам'ятовувальними	70
запам'ятовувальних	70
запам'ятовувального	70
запам'ятовувальному	70
запам'ятовувальною	70
запам'ятовувальної	70
запам'ятовувальну	70
запам'ятовувальні	70
запам'ятовувальній	70
запам'ятовувальнім	70
запам'ятовувана	70
запам'ятовуване	70
запам'ятовуваний	70
запам'ятовуваним	70
запам'ятовуваними	70
запам'ятовуваних	70
запам'ятовуванню	70
запам'ятовування	70
запам'ятовуванням	70
запам'ятовуваннями	70
запам'ятовуваннях	70
запам'ятовуванні	70
запам'ятовуваного	70
запам'ятовуваному	70
запам'ятовуваності	70
запам'ятовуваною	70
запам'ятовуваної	70
запам'ятовувану	70
запам'ятовувань	70
запам'ятовувані	70
запам'ятовуваній	70
запам'ятовуванім	70
запам'ятовуваність	70
запам'ятовуваністю	70
запам'ятовувати	70
запам'ятовуватись	70
запам'ятовуватися	70
запам'ятовуй	70
запам'ятовуймо	70
запам'ятовуймось	70
запам'ятовуймося	70
запам'ятовуйсь	70
запам'ятовуйся	70
запам'ятовуйте	70
запам'ятовуйтесь	70
запам'ятовуйтеся	70
запам'ятовую	70
запам'ятовуюсь	70
запам'ятовуюся	70
запам'ятовують	70
запам'ятовуються	70
запам'ятовує	70
запам'ятовуємо	70
запам'ятовуємось	70
запам'ятовуємося	70
запам'ятовуєте	70
запам'ятовуєтесь	70
запам'ятовуєтеся	70
запам'ятовується	70
запам'ятовуєш	70
запам'ятовуєшся	70
зарум'янена	70
зарум'янене	70
зарум'янений	70
зарум'яненим	70
зарум'яненими	70
зарум'янених	70
зарум'яненого	70
зарум'яненому	70
зарум'яненою	70
зарум'яненої	70
зарум'янену	70
зарум'янені	70
зарум'яненій	70
зарум'яненім	70
зарум'янив	70
зарум'янивсь	70
зарум'янився	70
зарум'янила	70
зарум'янилась	70
зарум'янилася	70
зарум'янили	70
зарум'янились	70
зарум'янилися	70
зарум'янило	70
зарум'янилось	70
зарум'янилося	70
зарум'янимо	70
зарум'янимось	70
зарум'янимося	70
зарум'яните	70
зарум'янитесь	70
зарум'янитеся	70
зарум'янити	70
зарум'янитись	70
зарум'янитися	70
зарум'янить	70
зарум'яниться	70
зарум'яниш	70
зарум'янишся	70
зарум'янь	70
зарум'яньмо	70
зарум'яньмось	70
зарум'яньмося	70
зарум'янься	70
зарум'яньте	70
зарум'яньтесь	70
зарум'яньтеся	70
зарум'яню	70
зарум'янював	70
зарум'янювавсь	70
зарум'янювався	70
зарум'янювала	70
зарум'янювалась	70
зарум'янювалася	70
зарум'янювали	70
зарум'янювались	70
зарум'янювалися	70
зарум'янювало	70
зарум'янювалось	70
зарум'янювалося	70
зарум'янювати	70
зарум'янюватись	70
зарум'янюватися	70
зарум'янюй	70
зарум'янюймо	70
зарум'янюймось	70
зарум'янюймося	70
зарум'янюйсь	70
зарум'янюйся	70
зарум'янюйте	70
зарум'янюйтесь	70
зарум'янюйтеся	70
зарум'янюсь	70
зарум'янюся	70
зарум'янюю	70
зарум'янююсь	70
зарум'янююся	70
зарум'янюють	70
зарум'янюються	70
зарум'янює	70
зарум'янюємо	70
зарум'янюємось	70
зарум'янюємося	70
зарум'янюєте	70
зарум'янюєтесь	70
зарум'янюєтеся	70
зарум'янюється	70
зарум'янюєш	70
зарум'янюєшся	70
зарум'янять	70
зарум'яняться	70
західнослов'янська	70
західнослов'янське	70
західнослов'янський	70
західнослов'янським	70
західнослов'янськими	70
західнослов'янських	70
західнослов'янського	70
західнослов'янському	70
західнослов'янською	70
західнослов'янської	70
західнослов'янську	70
західнослов'янські	70
західнослов'янській	70
західнослов'янськім	70
збур'янів	70
збур'яній	70
збур'яніймо	70
збур'янійте	70
збур'яніла	70
збур'яніли	70
збур'яніло	70
збур'яніти	70
збур'янію	70
збур'яніють	70
збур'яніє	70
збур'яніємо	70
збур'янієте	70
збур'янієш	70
зв'яже	70
зв'яжемо	70
зв'яжемось	70
зв'яжемося	70
зв'яжете	70
зв'яжетесь	70
зв'яжетеся	70
зв'яжеться	70
зв'яжеш	70
зв'яжешся	70
зв'яжи	70
зв'яжись	70
зв'яжися	70
зв'яжу	70
зв'яжусь	70
зв'яжуся	70
зв'яжуть	70
зв'яжуться	70
зв'яжімо	70
зв'яжімось	70
зв'яжімося	70
зв'яжіть	70
зв'яжіться	70
зв'язав	70
зв'язавсь	70
зв'язався	70
зв'язавши	70
зв'язала	70
зв'язалась	70
зв'язалася	70
зв'язали	70
зв'язались	70
зв'язалися	70
зв'язало	70
зв'язалось	70
зв'язалося	70
зв'язана	70
зв'язане	70
зв'язаний	70
зв'язаним	70
зв'язаними	70
зв'язаних	70
зв'язано	70
зв'язаного	70
зв'язаному	70
зв'язаностей	70
зв'язаностям	70
зв'язаностями	70
зв'язаностях	70
зв'язаності	70
зв'язаною	70
зв'язаної	70
зв'язану	70
зв'язані	70
зв'язаній	70
зв'язанім	70
зв'язаність	70
зв'язаністю	70
зв'язати	70
зв'язатись	70
зв'язатися	70
зв'язка	70
зв'язкам	70
зв'язками	70
зв'язках	70
зв'язки	70
зв'язкова	70
зв'язкове	70
зв'язковий	70
зв'язковим	70
зв'язковими	70
зв'язкових	70
зв'язкового	70
зв'язковому	70
зв'язковою	70
зв'язкової	70
зв'язкову	70
зв'язкові	70
зв'язковій	70
зв'язковім	70
зв'язком	70
зв'язкою	70
зв'язку	70
зв'язків	70
зв'язківець	70
зв'язківка	70
зв'язківкам	70
зв'язківками	70
зв'язківках	70
зв'язківки	70
зв'язківкою	70
зв'язківку	70
зв'язківок	70
зв'язківцеві	70
зв'язківцем	70
зв'язківцю	70
зв'язківця	70
зв'язківцям	70
зв'язківцями	70
зв'язківцях	70
зв'язківці	70
зв'язківців	70
зв'язна	70
зв'язне	70
зв'язний	70
зв'язним	70
зв'язними	70
зв'язних	70
зв'язно	70
зв'язного	70
зв'язному	70
зв'язностей	70
зв'язностям	70
зв'язностями	70
зв'язностях	70
зв'язності	70
зв'язною	70
зв'язної	70
зв'язну	70
зв'язні	70
зв'язній	70
зв'язнім	70
зв'язність	70
зв'язністю	70
зв'язок	70
зв'язував	70
зв'язувавсь	70
зв'язувався	70
зв'язувала	70
зв'язувалась	70
зв'язувалася	70
зв'язували	70
зв'язувались	70
зв'язувалися	70
зв'язувало	70
зв'язувалось	70
зв'язувалося	70
зв'язувальна	70
зв'язувальне	70
зв'язувальний	70
зв'язувальним	70
зв'язувальними	70
зв'язувальних	70
зв'язувального	70
зв'язувальному	70
зв'язувальною	70
зв'язувальної	70
зв'язувальну	70
зв'язувальні	70
зв'язувальній	70
зв'язувальнім	70
зв'язувана	70
зв'язуване	70
зв'язуваний	70
зв'язуваним	70
зв'язуваними	70
зв'язуваних	70
зв'язуванню	70
зв'язування	70
зв'язуванням	70
зв'язуваннями	70
зв'язуваннях	70
зв'язуванні	70
зв'язуваного	70
зв'язуваному	70
зв'язуваною	70
зв'язуваної	70
зв'язувану	70
зв'язувань	70
зв'язувані	70
зв'язуваній	70
зв'язуванім	70
зв'язувати	70
зв'язуватись	70
зв'язуватися	70
зв'язуй	70
зв'язуймо	70
зв'язуймось	70
зв'язуймося	70
зв'язуйсь	70
зв'язуйся	70
зв'язуйте	70
зв'язуйтесь	70
зв'язуйтеся	70
зв'язую	70
зв'язуюсь	70
зв'язуюся	70
зв'язують	70
зв'язуються	70
зв'язуючи	70
зв'язує	70
зв'язуємо	70
зв'язуємось	70
зв'язуємося	70
зв'язуєте	70
зв'язуєтесь	70
зв'язуєтеся	70
зв'язується	70
зв'язуєш	70
зв'язуєшся	70
зв'язці	70
зв'ялена	70
зв'ялене	70
зв'ялений	70
зв'яленим	70
зв'яленими	70
зв'ялених	70
зв'яленого	70
зв'яленому	70
зв'яленою	70
зв'яленої	70
зв'ялену	70
зв'ялені	70
зв'яленій	70
зв'яленім	70
здерев'янів	70
здерев'яній	70
здерев'яніймо	70
здерев'янійте	70
здерев'яніла	70
здерев'яніле	70
здерев'яніли	70
здерев'янілий	70
здерев'янілим	70
здерев'янілими	70
здерев'янілих	70
здерев'яніло	70
здерев'янілого	70
здерев'янілому	70
здерев'янілості	70
здерев'янілою	70
здерев'янілої	70
здерев'янілу	70
здерев'янілі	70
здерев'янілій	70
здерев'янілім	70
здерев'янілість	70
здерев'янілістю	70
здерев'яніти	70
здерев'янію	70
здерев'яніють	70
здерев'яніє	70
здерев'яніємо	70
здерев'янієте	70
здерев'янієш	70
здоров'ю	70
здоров'я	70
здоров'ям	70
здоров'ячка	70
здоров'ячко	70
здоров'ячком	70
здоров'ячку	70
здоров'ї	70
злопам'ятна	70
злопам'ятне	70
злопам'ятний	70
злопам'ятним	70
злопам'ятними	70
злопам'ятних	70
злопам'ятного	70
злопам'ятному	70
злопам'ятностей	70
злопам'ятностям	70
злопам'ятностями	70
злопам'ятностях	70
злопам'ятності	70
злопам'ятною	70
злопам'ятної	70
злопам'ятну	70
злопам'ятні	70
злопам'ятній	70
злопам'ятнім	70
злопам'ятність	70
злопам'ятністю	70
злопам'ятств	70
злопам'ятства	70
злопам'ятствам	70
злопам'ятствами	70
злопам'ятствах	70
злопам'ятство	70
злопам'ятством	70
злопам'ятству	70
злопам'ятстві	70
зм'якла	70
зм'якле	70
зм'яклий	70
зм'яклим	70
зм'яклими	70
зм'яклих	70
зм'яклого	70
зм'яклому	70
зм'яклою	70
зм'яклої	70
зм'яклу	70
зм'яклі	70
зм'яклій	70
зм'яклім	70
зм'якне	70
зм'якнемо	70
зм'якнете	70
зм'якнеш	70
зм'якну	70
зм'якнув	70
зм'якнула	70
зм'якнули	70
зм'якнуло	70
зм'якнути	70
зм'якнуть	70
зм'якшена	70
зм'якшене	70
зм'якшений	70
зм'якшеним	70
зм'якшеними	70
зм'якшених	70
зм'якшенню	70
зм'якшення	70
зм'якшенням	70
зм'якшеннями	70
зм'якшеннях	70
зм'якшенні	70
зм'якшеного	70
зм'якшеному	70
зм'якшеною	70
зм'якшеної	70
зм'якшену	70
зм'якшень	70
зм'якшені	70
зм'якшеній	70
зм'якшенім	70
зм'якшував	70
зм'якшувавсь	70
зм'якшувався	70
зм'якшувала	70
зм'якшувалась	70
зм'якшувалася	70
зм'якшували	70
зм'якшувались	70
зм'якшувалися	70
зм'якшувало	70
зм'якшувалось	70
зм'якшувалося	70
зм'якшувальна	70
зм'якшувальне	70
зм'якшувальний	70
зм'якшувальним	70
зм'якшувальними	70
зм'якшувальних	70
зм'якшувального	70
зм'якшувальному	70
зм'якшувальною	70
зм'якшувальної	70
зм'якшувальну	70
зм'якшувальні	70
зм'якшувальній	70
зм'якшувальнім	70
зм'якшуванню	70
зм'якшування	70
зм'якшуванням	70
зм'якшуванні	70
зм'якшувати	70
зм'якшуватись	70
зм'якшуватися	70
зм'якшуй	70
зм'якшуймо	70
зм'якшуймось	70
зм'якшуймося	70
зм'якшуйсь	70
зм'якшуйся	70
зм'якшуйте	70
зм'якшуйтесь	70
зм'якшуйтеся	70
зм'якшую	70
зм'якшуюсь	70
зм'якшуюся	70
зм'якшують	70
зм'якшуються	70
зм'якшує	70
зм'якшуємо	70
зм'якшуємось	70
зм'якшуємося	70
зм'якшуєте	70
зм'якшуєтесь	70
зм'якшуєтеся	70
зм'якшується	70
зм'якшуєш	70
зм'якшуєшся	70
зневір'ю	70
зневір'я	70
зневір'ям	70
зневір'ї	70
знічев'я	70
зобов'яже	70
зобов'яжемо	70
зобов'яжемось	70
зобов'яжемося	70
зобов'яжете	70
зобов'яжетесь	70
зобов'яжетеся	70
зобов'яжеться	70
зобов'яжеш	70
зобов'яжешся	70
зобов'яжи	70
зобов'яжись	70
зобов'яжися	70
зобов'яжу	70
зобов'яжусь	70
зобов'яжуся	70
зобов'яжуть	70
зобов'яжуться	70
зобов'яжімо	70
зобов'яжімось	70
зобов'яжімося	70
зобов'яжіть	70
зобов'яжіться	70
зобов'язав	70
зобов'язавсь	70
зобов'язався	70
зобов'язавши	70
зобов'язала	70
зобов'язалась	70
зобов'язалася	70
зобов'язали	70
зобов'язались	70
зобов'язалися	70
зобов'язало	70
зобов'язалось	70
зобов'язалося	70
зобов'язальна	70
зобов'язальне	70
зобов'язальний	70
зобов'язальним	70
зобов'язальними	70
зобов'язальних	70
зобов'язально	70
зобов'язального	70
зобов'язальному	70
зобов'язальною	70
зобов'язальної	70
зобов'язальну	70
зобов'язальні	70
зобов'язальній	70
зобов'язальнім	70
зобов'язана	70
зобов'язане	70
зобов'язаний	70
зобов'язаним	70
зобов'язаними	70
зобов'язаних	70
зобов'язанню	70
зобов'язання	70
зобов'язанням	70
зобов'язаннями	70
зобов'язаннях	70
зобов'язанні	70
зобов'язано	70
зобов'язаного	70
зобов'язаному	70
зобов'язаною	70
зобов'язаної	70
зобов'язану	70
зобов'язань	70
зобов'язані	70
зобов'язаній	70
зобов'язанім	70
зобов'язати	70
зобов'язатись	70
зобов'язатися	70
зобов'язував	70
зобов'язувавсь	70
зобов'язувався	70
зобов'язувала	70
зобов'язувалась	70
зобов'язувалася	70
зобов'язували	70
зобов'язувались	70
зобов'язувалися	70
зобов'язувало	70
зобов'язувалось	70
зобов'язувалося	70
зобов'язувана	70
зобов'язуване	70
зобов'язуваний	70
зобов'язуваним	70
зобов'язуваними	70
зобов'язуваних	70
зобов'язуваного	70
зобов'язуваному	70
зобов'язуваною	70
зобов'язуваної	70
зобов'язувану	70
зобов'язувані	70
зобов'язуваній	70
зобов'язуванім	70
зобов'язувати	70
зобов'язуватись	70
зобов'язуватися	70
зобов'язуй	70
зобов'язуймо	70
зобов'язуймось	70
зобов'язуймося	70
зобов'язуйсь	70
зобов'язуйся	70
зобов'язуйте	70
зобов'язуйтесь	70
зобов'язуйтеся	70
зобов'язую	70
зобов'язуюсь	70
зобов'язуюся	70
зобов'язують	70
зобов'язуються	70
зобов'язуючи	70
зобов'язує	70
зобов'язуємо	70
зобов'язуємось	70
зобов'язуємося	70
зобов'язуєте	70
зобов'язуєтесь	70
зобов'язуєтеся	70
зобов'язується	70
зобов'язуєш	70
зобов'язуєшся	70
зіб'ю	70
зіб'юсь	70
зіб'юся	70
зіб'ють	70
зіб'ються	70
зіб'є	70
зіб'ємо	70
зіб'ємось	70
зіб'ємося	70
зіб'єте	70
зіб'єтесь	70
зіб'єтеся	70
зіб'ється	70
зіб'єш	70
зіб'єшся	70
зів'ю	70
зів'юсь	70
зів'юся	70
зів'ють	70
зів'ються	70
зів'яв	70
зів'яла	70
зів'яле	70
зів'яли	70
зів'ялий	70
зів'ялим	70
зів'ялими	70
зів'ялих	70
зів'яло	70
зів'ялого	70
зів'ялому	70
зів'ялості	70
зів'ялою	70
зів'ялої	70
зів'ялу	70
зів'ялі	70
зів'ялій	70
зів'ялім	70
зів'ялість	70
зів'ялістю	70
зів'яне	70
зів'янемо	70
зів'яненню	70
зів'янення	70
зів'яненням	70
зів'яненнями	70
зів'яненнях	70
зів'яненні	70
зів'янень	70
зів'янете	70
зів'янеш	70
зів'яну	70
зів'янув	70
зів'янула	70
зів'янули	70
зів'януло	70
зів'янути	70
зів'януть	70
зів'яти	70
зів'є	70
зів'ємо	70
зів'ємось	70
зів'ємося	70
зів'єте	70
зів'єтесь	70
зів'єтеся	70
зів'ється	70
зів'єш	70
зів'єшся	70
зім'яв	70
зім'явсь	70
зім'явся	70
зім'явши	70
зім'яла	70
зім'ялась	70
зім'ялася	70
зім'яли	70
зім'ялись	70
зім'ялися	70
зім'яло	70
зім'ялось	70
зім'ялося	70
зім'ята	70
зім'яте	70
зім'яти	70
зім'ятий	70
зім'ятим	70
зім'ятими	70
зім'ятись	70
зім'ятися	70
зім'ятих	70
зім'ятого	70
зім'ятому	70
зім'ятою	70
зім'ятої	70
зім'яту	70
зім'яті	70
зім'ятій	70
зім'ятім	70
зіп'явшись	70
кав'ярень	70
кав'ярнею	70
кав'ярник	70
кав'ярника	70
кав'ярникам	70
кав'ярниками	70
кав'ярниках	70
кав'ярники	70
кав'ярникові	70
кав'ярником	70
кав'ярнику	70
кав'ярників	70
кав'ярню	70
кав'ярня	70
кав'ярням	70
кав'ярнями	70
кав'ярнях	70
кав'ярні	70
кам'яна	70
кам'яне	70
кам'яний	70
кам'яним	70
кам'яними	70
кам'яниста	70
кам'янисте	70
кам'янистий	70
кам'янистим	70
кам'янистими	70
кам'янистих	70
кам'янистого	70
кам'янистому	70
кам'янистості	70
кам'янистою	70
кам'янистої	70
кам'янисту	70
кам'янисті	70
кам'янистій	70
кам'янистім	70
кам'янистість	70
кам'янистістю	70
кам'яних	70
кам'яницею	70
кам'яниць	70
кам'яницю	70
кам'яниця	70
кам'яницям	70
кам'яницями	70
кам'яницях	70
кам'яниці	70
кам'янка	70
кам'янкам	70
кам'янками	70
кам'янках	70
кам'янки	70
кам'янкою	70
кам'янку	70
кам'яно	70
кам'яновугільна	70
кам'яновугільне	70
кам'яновугільний	70
кам'яновугільним	70
кам'яновугільними	70
кам'яновугільних	70
кам'яновугільного	70
кам'яновугільному	70
кам'яновугільною	70
кам'яновугільної	70
кам'яновугільну	70
кам'яновугільні	70
кам'яновугільній	70
кам'яновугільнім	70
кам'яного	70
кам'янок	70
кам'яному	70
кам'яною	70
кам'яної	70
кам'яну	70
кам'янці	70
кам'яні	70
кам'янів	70
кам'яній	70
кам'яніймо	70
кам'янійте	70
кам'яніла	70
кам'яніли	70
кам'яніло	70
кам'янім	70
кам'яніти	70
кам'янію	70
кам'яніють	70
кам'яніючи	70
кам'яніє	70
кам'яніємо	70
кам'янієте	70
кам'янієш	70
кар'єр	70
кар'єра	70
кар'єрам	70
кар'єрами	70
кар'єрах	70
кар'єри	70
кар'єризм	70
кар'єризмам	70
кар'єризмами	70
кар'єризмах	70
кар'єризми	70
кар'єризмові	70
кар'єризмом	70
кар'єризму	70
кар'єризмі	70
кар'єризмів	70
кар'єрист	70
кар'єриста	70
кар'єристам	70
кар'єристами	70
кар'єристах	70
кар'єристи	70
кар'єристка	70
кар'єристкам	70
кар'єристками	70
кар'єристках	70
кар'єристки	70
кар'єристкою	70
кар'єристку	70
кар'єристові	70
кар'єристок	70
кар'єристом	70
кар'єристу	70
кар'єристці	70
кар'єристі	70
кар'єристів	70
кар'єрна	70
кар'єрне	70
кар'єрний	70
кар'єрним	70
кар'єрними	70
кар'єрних	70
кар'єрного	70
кар'єрному	70
кар'єрною	70
кар'єрної	70
кар'єрну	70
кар'єрні	70
кар'єрній	70
кар'єрнім	70
кар'єрові	70
кар'єром	70
кар'єрою	70
кар'єру	70
кар'єрі	70
кар'єрів	70
квартир'єр	70
квартир'єра	70
квартир'єрам	70
квартир'єрами	70
квартир'єрах	70
квартир'єри	70
квартир'єрові	70
квартир'єром	70
квартир'єру	70
квартир'єрі	70
квартир'єрів	70
кип'яти	70
кип'ятив	70
кип'ятивсь	70
кип'ятився	70
кип'ятила	70
кип'ятилась	70
кип'ятилася	70
кип'ятили	70
кип'ятились	70
кип'ятилися	70
кип'ятило	70
кип'ятилось	70
кип'ятилося	70
кип'ятильна	70
кип'ятильне	70
кип'ятильний	70
кип'ятильник	70
кип'ятильника	70
кип'ятильникам	70
кип'ятильниками	70
кип'ятильниках	70
кип'ятильники	70
кип'ятильникові	70
кип'ятильником	70
кип'ятильнику	70
кип'ятильників	70
кип'ятильним	70
кип'ятильними	70
кип'ятильних	70
кип'ятильного	70
кип'ятильному	70
кип'ятильною	70
кип'ятильної	70
кип'ятильну	70
кип'ятильні	70
кип'ятильній	70
кип'ятильнім	70
кип'ятимо	70
кип'ятимось	70
кип'ятимося	70
кип'ятинню	70
кип'ятиння	70
кип'ятинням	70
кип'ятинні	70
кип'ятись	70
кип'ятися	70
кип'ятите	70
кип'ятитесь	70
кип'ятитеся	70
кип'ятити	70
кип'ятитись	70
кип'ятитися	70
кип'ятить	70
кип'ятиться	70
кип'ятиш	70
кип'ятишся	70
кип'яткам	70
кип'ятками	70
кип'ятках	70
кип'ятки	70
кип'яткова	70
кип'яткове	70
кип'ятковий	70
кип'ятковим	70
кип'ятковими	70
кип'яткових	70
кип'яткового	70
кип'ятковому	70
кип'ятковою	70
кип'яткової	70
кип'яткову	70
кип'яткові	70
кип'ятковій	70
кип'ятковім	70
кип'ятком	70
кип'ятку	70
кип'ятків	70
кип'яток	70
кип'яточкові	70
кип'яточком	70
кип'яточку	70
кип'яточок	70
кип'ятять	70
кип'ятяться	70
кип'ятімо	70
кип'ятімось	70
кип'ятімося	70
кип'ятінню	70
кип'ятіння	70
кип'ятінням	70
кип'ятіннями	70
кип'ятіннях	70
кип'ятінні	70
кип'ятінь	70
кип'ятіть	70
кип'ятіться	70
кип'ячена	70
кип'ячене	70
кип'ячений	70
кип'яченим	70
кип'яченими	70
кип'ячених	70
кип'яченого	70
кип'яченому	70
кип'яченою	70
кип'яченої	70
кип'ячену	70
кип'ячені	70
кип'яченій	70
кип'яченім	70
кип'ячу	70
кип'ячусь	70
кип'ячуся	70
кожум'як	70
кожум'яка	70
кожум'якам	70
кожум'яками	70
кожум'яках	70
кожум'яки	70
кожум'якою	70
кожум'яку	70
кожум'яці	70
комп'ютер	70
комп'ютера	70
комп'ютерам	70
комп'ютерами	70
комп'ютерах	70
комп'ютери	70
комп'ютеризацію	70
комп'ютеризація	70
комп'ютеризацією	70
комп'ютеризації	70
комп'ютеризована	70
комп'ютеризоване	70
комп'ютеризований	70
комп'ютеризованим	70
комп'ютеризованими	70
комп'ютеризованих	70
комп'ютеризовано	70
комп'ютеризованого	70
комп'ютеризованому	70
комп'ютеризованою	70
комп'ютеризованої	70
комп'ютеризовану	70
комп'ютеризовані	70
комп'ютеризованій	70
комп'ютеризованім	70
комп'ютеризував	70
комп'ютеризувавсь	70
комп'ютеризувався	70
комп'ютеризувала	70
комп'ютеризувалась	70
комп'ютеризувалася	70
комп'ютеризували	70
комп'ютеризувались	70
комп'ютеризувалися	70
комп'ютеризувало	70
комп'ютеризувалось	70
комп'ютеризувалося	70
комп'ютеризувати	70
комп'ютеризуватись	70
комп'ютеризуватися	70
комп'ютеризуй	70
комп'ютеризуймо	70
комп'ютеризуймось	70
комп'ютеризуймося	70
комп'ютеризуйсь	70
комп'ютеризуйся	70
комп'ютеризуйте	70
комп'ютеризуйтесь	70
комп'ютеризуйтеся	70
комп'ютеризую	70
комп'ютеризуюсь	70
комп'ютеризуюся	70
комп'ютеризують	70
комп'ютеризуються	70
комп'ютеризує	70
комп'ютеризуємо	70
комп'ютеризуємось	70
комп'ютеризуємося	70
комп'ютеризуєте	70
комп'ютеризуєтесь	70
комп'ютеризуєтеся	70
комп'ютеризується	70
комп'ютеризуєш	70
комп'ютеризуєшся	70
комп'ютерна	70
комп'ютерне	70
комп'ютерний	70
комп'ютерним	70
комп'ютерними	70
комп'ютерних	70
комп'ютерного	70
комп'ютерному	70
комп'ютерною	70
комп'ютерної	70
комп'ютерну	70
комп'ютерні	70
комп'ютерній	70
комп'ютернім	70
комп'ютерові	70
комп'ютерознавства	70
комп'ютерознавство	70
комп'ютерознавством	70
комп'ютерознавству	70
комп'ютерознавстві	70
комп'ютером	70
комп'ютерофобію	70
комп'ютерофобія	70
комп'ютерофобією	70
комп'ютерофобії	70
комп'ютеру	70
комп'ютері	70
комп'ютерів	70
кон'югацію	70
кон'югація	70
кон'югацією	70
кон'югації	70
кон'юнктива	70
кон'юнктиви	70
кон'юнктивна	70
кон'юнктивне	70
кон'юнктивний	70
кон'юнктивним	70
кон'юнктивними	70
кон'юнктивних	70
кон'юнктивно	70
кон'юнктивного	70
кон'юнктивному	70
кон'юнктивності	70
кон'юнктивною	70
кон'юнктивної	70
кон'юнктивну	70
кон'юнктивні	70
кон'юнктивній	70
кон'юнктивнім	70
кон'юнктивність	70
кон'юнктивністю	70
кон'юнктивою	70
кон'юнктиву	70
кон'юнктиві	70
кон'юнктивіт	70
кон'юнктивітам	70
кон'юнктивітами	70
кон'юнктивітах	70
кон'юнктивіти	70
кон'юнктивітові	70
кон'юнктивітом	70
кон'юнктивіту	70
кон'юнктивіті	70
кон'юнктивітів	70
кон'юнктура	70
кон'юнктури	70
кон'юнктуринг	70
кон'юнктурингові	70
кон'юнктурингом	70
кон'юнктурингу	70
кон'юнктурна	70
кон'юнктурне	70
кон'юнктурний	70
кон'юнктурним	70
кон'юнктурними	70
кон'юнктурних	70
кон'юнктурницею	70
кон'юнктурниць	70
кон'юнктурницю	70
кон'юнктурниця	70
кон'юнктурницям	70
кон'юнктурницями	70
кон'юнктурницях	70
кон'юнктурниці	70
кон'юнктурного	70
кон'юнктурному	70
кон'юнктурності	70
кон'юнктурною	70
кон'юнктурної	70
кон'юнктурну	70
кон'юнктурні	70
кон'юнктурній	70
кон'юнктурнім	70
кон'юнктурність	70
кон'юнктурністю	70
кон'юнктурою	70
кон'юнктуру	70
кон'юнктурі	70
кон'юнкцій	70
кон'юнкцію	70
кон'юнкція	70
кон'юнкціям	70
кон'юнкціями	70
кон'юнкціях	70
кон'юнкцією	70
кон'юнкції	70
кон'єктура	70
кон'єктури	70
кон'єктурою	70
кон'єктуру	70
кон'єктурі	70
конов'яззю	70
конов'язь	70
конов'язі	70
коров'як	70
коров'якові	70
коров'яком	70
коров'яку	70
коров'яча	70
коров'яче	70
коров'ячий	70
коров'ячим	70
коров'ячими	70
коров'ячих	70
коров'ячого	70
коров'ячому	70
коров'ячою	70
коров'ячої	70
коров'ячу	70
коров'ячі	70
коров'ячій	70
коров'ячім	70
краков'як	70
краков'якам	70
краков'яками	70
краков'яках	70
краков'яки	70
краков'якові	70
краков'яком	70
краков'яку	70
краков'яків	70
крем'яна	70
крем'яне	70
крем'яний	70
крем'яним	70
крем'яними	70
крем'яниста	70
крем'янисте	70
крем'янистий	70
крем'янистим	70
крем'янистими	70
крем'янистих	70
крем'янистого	70
крем'янистому	70
крем'янистою	70
крем'янистої	70
крем'янисту	70
крем'янисті	70
крем'янистій	70
крем'янистім	70
крем'яних	70
крем'яного	70
крем'яному	70
крем'яною	70
крем'яної	70
крем'яну	70
крем'яні	70
крем'яній	70
крем'янім	70
крем'ях	70
крем'яха	70
крем'яхам	70
крем'яхами	70
крем'яхах	70
крем'яхи	70
крем'яхові	70
крем'яхом	70
крем'яху	70
крем'яхів	70
крем'яшник	70
крем'яшника	70
крем'яшникові	70
крем'яшником	70
крем'яшнику	70
кривоп'ята	70
кривоп'яте	70
кривоп'ятий	70
кривоп'ятим	70
кривоп'ятими	70
кривоп'ятих	70
кривоп'ятого	70
кривоп'ятому	70
кривоп'ятою	70
кривоп'ятої	70
кривоп'яту	70
кривоп'яті	70
кривоп'ятій	70
кривоп'ятім	70
кров'ю	70
кров'яна	70
кров'яне	70
кров'яний	70
кров'яним	70
кров'яними	70
кров'яниста	70
кров'янисте	70
кров'янистий	70
кров'янистим	70
кров'янистими	70
кров'янистих	70
кров'янистого	70
кров'янистому	70
кров'янистості	70
кров'янистою	70
кров'янистої	70
кров'янисту	70
кров'янисті	70
кров'янистій	70
кров'янистім	70
кров'янистість	70
кров'янистістю	70
кров'яних	70
кров'янка	70
кров'янки	70
кров'янкою	70
кров'янку	70
кров'яного	70
кров'яному	70
кров'яною	70
кров'яної	70
кров'яну	70
кров'янці	70
кров'яні	70
кров'яній	70
кров'янім	70
кропив'яна	70
кропив'яне	70
кропив'яний	70
кропив'яник	70
кропив'яника	70
кропив'яникові	70
кропив'яником	70
кропив'янику	70
кропив'яним	70
кропив'яними	70
кропив'яних	70
кропив'янка	70
кропив'янки	70
кропив'янкою	70
кропив'янку	70
кропив'яного	70
кропив'яному	70
кропив'яною	70
кропив'яної	70
кропив'яну	70
кропив'янці	70
кропив'яні	70
кропив'яній	70
кропив'янім	70
круп'яна	70
круп'яне	70
круп'яний	70
круп'яним	70
круп'яними	70
круп'яних	70
круп'янка	70
круп'янки	70
круп'янкою	70
круп'янку	70
круп'яного	70
круп'яному	70
круп'яною	70
круп'яної	70
круп'яну	70
круп'янці	70
круп'яні	70
круп'яній	70
круп'янім	70
круп'яр	70
круп'яра	70
круп'ярам	70
круп'ярами	70
круп'ярах	70
круп'яри	70
круп'ярові	70
круп'яром	70
круп'яру	70
круп'ярі	70
круп'ярів	70
круп'є	70
кулеб'як	70
кулеб'яка	70
кулеб'якам	70
кулеб'яками	70
кулеб'яках	70
кулеб'яки	70
кулеб'якою	70
кулеб'яку	70
кулеб'яці	70
куп'ю	70
куп'я	70
куп'ям	70
куп'ї	70
кур'єр	70
кур'єра	70
кур'єрам	70
кур'єрами	70
кур'єрах	70
кур'єри	70
кур'єрові	70
кур'єром	70
кур'єрська	70
кур'єрське	70
кур'єрський	70
кур'єрським	70
кур'єрськими	70
кур'єрських	70
кур'єрського	70
кур'єрському	70
кур'єрською	70
кур'єрської	70
кур'єрську	70
кур'єрські	70
кур'єрській	70
кур'єрськім	70
кур'єру	70
кур'єрі	70
кур'єрів	70
куріп'я	70
куріп'ям	70
куріп'яти	70
куріп'яті	70
кутюр'є	70
кіновар'ю	70
лазур'ю	70
ластів'ятка	70
ластів'ятко	70
ластів'ятком	70
ластів'ятку	70
ластів'яча	70
ластів'яче	70
ластів'ячий	70
ластів'ячим	70
ластів'ячими	70
ластів'ячих	70
ластів'ячого	70
ластів'ячому	70
ластів'ячою	70
ластів'ячої	70
ластів'ячу	70
ластів'ячі	70
ластів'ячій	70
ластів'ячім	70
лев'я	70
лев'ям	70
лев'яти	70
лев'ятник	70
лев'ятника	70
лев'ятникам	70
лев'ятниками	70
лев'ятниках	70
лев'ятники	70
лев'ятникові	70
лев'ятником	70
лев'ятнику	70
лев'ятників	70
лев'ятові	70
лев'яча	70
лев'яче	70
лев'ячий	70
лев'ячим	70
лев'ячими	70
лев'ячих	70
лев'ячого	70
лев'ячому	70
лев'ячою	70
лев'ячої	70
лев'ячу	70
лев'ячі	70
лев'ячій	70
лев'ячім	70
легковір'ю	70
легковір'я	70
легковір'ям	70
легковір'ями	70
легковір'ях	70
легковір'ї	70
легковір'їв	70
лихослів'ю	70
лихослів'я	70
лихослів'ям	70
лихослів'ї	70
луб'ю	70
луб'я	70
луб'ям	70
луб'яна	70
луб'яне	70
луб'яний	70
луб'яним	70
луб'яними	70
луб'яних	70
луб'яного	70
луб'яному	70
луб'яною	70
луб'яної	70
луб'яну	70
луб'яні	70
луб'яній	70
луб'янім	70
луб'ї	70
лук'янівська	70
лук'янівське	70
лук'янівський	70
лук'янівським	70
лук'янівськими	70
лук'янівських	70
лук'янівського	70
лук'янівському	70
лук'янівською	70
лук'янівської	70
лук'янівську	70
лук'янівські	70
лук'янівській	70
лук'янівськім	70
лукомор'ю	70
лукомор'я	70
лукомор'ям	70
лукомор'ї	70
львів'ян	70
львів'янам	70
львів'янами	70
львів'янах	70
львів'яни	70
львів'янин	70
львів'янина	70
львів'янинові	70
львів'янином	70
львів'янину	70
львів'янині	70
львів'янка	70
львів'янкам	70
львів'янками	70
львів'янках	70
львів'янки	70
львів'янкою	70
львів'янку	70
львів'янок	70
львів'янці	70
льоном'ялка	70
льоном'ялкам	70
льоном'ялками	70
льоном'ялках	70
льоном'ялки	70
льоном'ялкою	70
льоном'ялку	70
льоном'ялок	70
льоном'ялці	70
люб'язна	70
люб'язне	70
люб'язний	70
люб'язним	70
люб'язними	70
люб'язних	70
люб'язно	70
люб'язного	70
люб'язному	70
люб'язностей	70
люб'язностям	70
люб'язностями	70
люб'язностях	70
люб'язності	70
люб'язною	70
люб'язної	70
люб'язну	70
люб'язні	70
люб'язній	70
люб'язнім	70
люб'язність	70
люб'язністю	70
люб'язніша	70
люб'язніше	70
люб'язніший	70
люб'язнішим	70
люб'язнішими	70
люб'язніших	70
люб'язнішого	70
люб'язнішому	70
люб'язнішою	70
люб'язнішої	70
люб'язнішу	70
люб'язніші	70
люб'язнішій	70
люб'язнішім	70
любов'ю	70
літоб'єднанню	70
літоб'єднання	70
літоб'єднанням	70
літоб'єднаннями	70
літоб'єднаннях	70
літоб'єднанні	70
літоб'єднань	70
м'яв	70
м'явсь	70
м'явся	70
м'яз	70
м'яза	70
м'язам	70
м'язами	70
м'язах	70
м'язга	70
м'язги	70
м'язгою	70
м'язгу	70
м'яззі	70
м'язи	70
м'язиста	70
м'язисте	70
м'язистий	70
м'язистим	70
м'язистими	70
м'язистих	70
м'язистого	70
м'язистому	70
м'язистості	70
м'язистою	70
м'язистої	70
м'язисту	70
м'язисті	70
м'язистій	70
м'язистім	70
м'язистість	70
м'язистістю	70
м'язова	70
м'язове	70
м'язовий	70
м'язовим	70
м'язовими	70
м'язових	70
м'язового	70
м'язовому	70
м'язовою	70
м'язової	70
м'язову	70
м'язові	70
м'язовій	70
м'язовім	70
м'язом	70
м'язу	70
м'язі	70
м'язів	70
м'яка	70
м'яке	70
м'якенька	70
м'якеньке	70
м'якенький	70
м'якеньким	70
м'якенькими	70
м'якеньких	70
м'якенько	70
м'якенького	70
м'якенькому	70
м'якенькою	70
м'якенької	70
м'якеньку	70
м'якенькі	70
м'якенькій	70
м'якенькім	70
м'який	70
м'яким	70
м'якими	70
м'яких	70
м'якне	70
м'якнемо	70
м'якнете	70
м'якнеш	70
м'якни	70
м'якну	70
м'якнув	70
м'якнула	70
м'якнули	70
м'якнуло	70
м'якнути	70
м'якнуть	70
м'якнімо	70
м'якніть	70
м'яко	70
м'якововна	70
м'якововне	70
м'якововний	70
м'якововним	70
м'якововними	70
м'якововних	70
м'якововного	70
м'якововному	70
м'якововною	70
м'якововної	70
м'якововну	70
м'якововні	70
м'якововній	70
м'якововнім	70
м'якого	70
м'якому	70
м'якосерда	70
м'якосерде	70
м'якосердий	70
м'якосердим	70
м'якосердими	70
м'якосердих	70
м'якосердо	70
м'якосердого	70
м'якосердому	70
м'якосердою	70
м'якосердої	70
м'якосерду	70
м'якосердь	70
м'якосердю	70
м'якосердя	70
м'якосердям	70
м'якосердями	70
м'якосердях	70
м'якосерді	70
м'якосердій	70
м'якосердім	70
м'якостей	70
м'якостям	70
м'якостями	70
м'якостях	70
м'якості	70
м'якотіла	70
м'якотіле	70
м'якотілий	70
м'якотілим	70
м'якотілими	70
м'якотілих	70
м'якотілого	70
м'якотілому	70
м'якотілостей	70
м'якотілостям	70
м'якотілостями	70
м'якотілостях	70
м'якотілості	70
м'якотілою	70
м'якотілої	70
м'якотілу	70
м'якотілі	70
м'якотілій	70
м'якотілім	70
м'якотілість	70
м'якотілістю	70
м'якошерста	70
м'якошерсте	70
м'якошерстий	70
м'якошерстим	70
м'якошерстими	70
м'якошерстих	70
м'якошерстого	70
м'якошерстому	70
м'якошерстою	70
м'якошерстої	70
м'якошерсту	70
м'якошерсті	70
м'якошерстій	70
м'якошерстім	70
м'якою	70
м'якої	70
м'яку	70
м'якувата	70
м'якувате	70
м'якуватий	70
м'якуватим	70
м'якуватими	70
м'якуватих	70
м'якуватого	70
м'якуватому	70
м'якуватою	70
м'якуватої	70
м'якувату	70
м'якуваті	70
м'якуватій	70
м'якуватім	70
м'якун	70
м'якуна	70
м'якунам	70
м'якунами	70
м'якунах	70
м'якуни	70
м'якунові	70
м'якуном	70
м'якуну	70
м'якуні	70
м'якунів	70
м'якуш	70
м'якуша	70
м'якушам	70
м'якушами	70
м'якушах	70
м'якушева	70
м'якушеве	70
м'якушевий	70
м'якушевим	70
м'якушевими	70
м'якушевих	70
м'якушевого	70
м'якушевому	70
м'якушевою	70
м'якушевої	70
м'якушеву	70
м'якушеві	70
м'якушевій	70
м'якушевім	70
м'якушем	70
м'якушка	70
м'якушкам	70
м'якушками	70
м'якушках	70
м'якушки	70
м'якушкою	70
м'якушку	70
м'якушок	70
м'якушу	70
м'якушці	70
м'якуші	70
м'якушів	70
м'якша	70
м'якшав	70
м'якшай	70
м'якшаймо	70
м'якшайте	70
м'якшала	70
м'якшали	70
м'якшало	70
м'якшанню	70
м'якшання	70
м'якшанням	70
м'якшанні	70
м'якшати	70
м'якшатиме	70
м'якшатимемо	70
м'якшатимете	70
м'якшатимеш	70
м'якшатиму	70
м'якшатимуть	70
м'якшать	70
м'якшаться	70
м'якшаю	70
м'якшають	70
м'якшає	70
м'якшаємо	70
м'якшаєте	70
м'якшаєш	70
м'якше	70
м'якшенню	70
м'якшення	70
м'якшенням	70
м'якшенні	70
м'якшив	70
м'якшивсь	70
м'якшився	70
м'якший	70
м'якшила	70
м'якшилась	70
м'якшилася	70
м'якшили	70
м'якшились	70
м'якшилися	70
м'якшило	70
м'якшилось	70
м'якшилося	70
м'якшильна	70
м'якшильне	70
м'якшильний	70
м'якшильним	70
м'якшильними	70
м'якшильних	70
м'якшильного	70
м'якшильному	70
м'якшильною	70
м'якшильної	70
м'якшильну	70
м'якшильні	70
м'якшильній	70
м'якшильнім	70
м'якшим	70
м'якшими	70
м'якшимо	70
м'якшимось	70
м'якшимося	70
м'якшите	70
м'якшитесь	70
м'якшитеся	70
м'якшити	70
м'якшитиме	70
м'якшитимемо	70
м'якшитимемось	70
м'якшитимемося	70
м'якшитимете	70
м'якшитиметесь	70
м'якшитиметеся	70
м'якшитиметься	70
м'якшитимеш	70
м'якшитимешся	70
м'якшитиму	70
м'якшитимусь	70
м'якшитимуся	70
м'якшитимуть	70
м'якшитимуться	70
м'якшитись	70
м'якшитися	70
м'якшить	70
м'якшиться	70
м'якших	70
м'якшиш	70
м'якшишся	70
м'якшого	70
м'якшому	70
м'якшою	70
м'якшої	70
м'якшу	70
м'якшусь	70
м'якшуся	70
м'якші	70
м'якшій	70
м'якшім	70
м'які	70
м'якій	70
м'якім	70
м'якість	70
м'якістю	70
м'якіша	70
м'якіше	70
м'якіший	70
м'якішим	70
м'якішими	70
м'якіших	70
м'якішого	70
м'якішому	70
м'якішою	70
м'якішої	70
м'якішу	70
м'якіші	70
м'якішій	70
м'якішім	70
м'яла	70
м'ялась	70
м'ялася	70
м'яли	70
м'ялись	70
м'ялися	70
м'ялицею	70
м'ялицю	70
м'ялиця	70
м'ялиці	70
м'ялка	70
м'ялкам	70
м'ялками	70
м'ялках	70
м'ялки	70
м'ялкою	70
м'ялку	70
м'яло	70
м'ялок	70
м'ялось	70
м'ялося	70
м'ялці	70
м'яльна	70
м'яльне	70
м'яльний	70
м'яльник	70
м'яльника	70
м'яльникам	70
м'яльниками	70
м'яльниках	70
м'яльники	70
м'яльникові	70
м'яльником	70
м'яльнику	70
м'яльників	70
м'яльним	70
м'яльними	70
м'яльних	70
м'яльницею	70
м'яльниць	70
м'яльницю	70
м'яльниця	70
м'яльницям	70
м'яльницями	70
м'яльницях	70
м'яльниці	70
м'яльного	70
м'яльному	70
м'яльною	70
м'яльної	70
м'яльну	70
м'яльні	70
м'яльній	70
м'яльнім	70
м'янмська	70
м'янмське	70
м'янмський	70
м'янмським	70
м'янмськими	70
м'янмських	70
м'янмського	70
м'янмському	70
м'янмською	70
м'янмської	70
м'янмську	70
м'янмські	70
м'янмській	70
м'янмськім	70
м'яс	70
м'яса	70
м'ясам	70
м'ясами	70
м'ясах	70
м'ясива	70
м'ясиво	70
м'ясивом	70
м'ясиву	70
м'ясиві	70
м'ясиста	70
м'ясисте	70
м'ясистий	70
м'ясистим	70
м'ясистими	70
м'ясистих	70
м'ясистого	70
м'ясистому	70
м'ясистостей	70
м'ясистостям	70
м'ясистостями	70
м'ясистостях	70
м'ясистості	70
м'ясистою	70
м'ясистої	70
м'ясисту	70
м'ясисті	70
м'ясистій	70
м'ясистім	70
м'ясистість	70
м'ясистістю	70
м'ясна	70
м'ясне	70
м'ясний	70
м'ясник	70
м'ясника	70
м'ясникам	70
м'ясниками	70
м'ясниках	70
м'ясники	70
м'ясникові	70
м'ясником	70
м'яснику	70
м'ясників	70
м'ясним	70
м'ясними	70
м'ясних	70
м'ясниць	70
м'ясницям	70
м'ясницями	70
м'ясницях	70
м'ясниці	70
м'ясного	70
м'ясному	70
м'ясною	70
м'ясної	70
м'ясну	70
м'ясні	70
м'ясній	70
м'яснім	70
м'ясо	70
м'ясожерець	70
м'ясожерна	70
м'ясожерне	70
м'ясожерний	70
м'ясожерним	70
м'ясожерними	70
м'ясожерних	70
м'ясожерного	70
м'ясожерному	70
м'ясожерною	70
м'ясожерної	70
м'ясожерну	70
м'ясожерні	70
м'ясожерній	70
м'ясожернім	70
м'ясожерцеві	70
м'ясожерцем	70
м'ясожерцю	70
м'ясожерця	70
м'ясожерцям	70
м'ясожерцями	70
м'ясожерцях	70
м'ясожерці	70
м'ясожерців	70
м'ясокомбінат	70
м'ясокомбінатам	70
м'ясокомбінатами	70
м'ясокомбінатах	70
м'ясокомбінати	70
м'ясокомбінатові	70
м'ясокомбінатом	70
м'ясокомбінату	70
м'ясокомбінаті	70
м'ясокомбінатів	70
м'ясом	70
м'ясопереробна	70
м'ясопереробне	70
м'ясопереробний	70
м'ясопереробним	70
м'ясопереробними	70
м'ясопереробних	70
м'ясопереробного	70
м'ясопереробному	70
м'ясопереробною	70
м'ясопереробної	70
м'ясопереробну	70
м'ясопереробні	70
м'ясопереробній	70
м'ясопереробнім	70
м'ясопродуктам	70
м'ясопродуктами	70
м'ясопродуктах	70
м'ясопродукти	70
м'ясопродуктів	70
м'ясорубка	70
м'ясорубкам	70
м'ясорубками	70
м'ясорубках	70
м'ясорубки	70
м'ясорубкою	70
м'ясорубку	70
м'ясорубок	70
м'ясорубці	70
м'ясоїдна	70
м'ясоїдне	70
м'ясоїдний	70
м'ясоїдним	70
м'ясоїдними	70
м'ясоїдних	70
м'ясоїдного	70
м'ясоїдному	70
м'ясоїдності	70
м'ясоїдною	70
м'ясоїдної	70
м'ясоїдну	70
м'ясоїдні	70
м'ясоїдній	70
м'ясоїднім	70
м'ясоїдність	70
м'ясоїдністю	70
м'ясу	70
м'ясце	70
м'ясцем	70
м'ясцю	70
м'ясця	70
м'ясці	70
м'ясі	70
м'ят	70
м'ята	70
м'ятам	70
м'ятами	70
м'ятах	70
м'яте	70
м'яти	70
м'ятий	70
м'ятим	70
м'ятими	70
м'ятись	70
м'ятися	70
м'ятих	70
м'ятка	70
м'ятки	70
м'яткою	70
м'ятку	70
м'ятна	70
м'ятне	70
м'ятний	70
м'ятним	70
м'ятними	70
м'ятних	70
м'ятно	70
м'ятного	70
м'ятному	70
м'ятною	70
м'ятної	70
м'ятну	70
м'ятні	70
м'ятній	70
м'ятнім	70
м'ятого	70
м'ятому	70
м'ятою	70
м'ятої	70
м'яттю	70
м'яття	70
м'яттям	70
м'ятті	70
м'яту	70
м'ятці	70
м'яті	70
м'ятій	70
м'ятім	70
м'яч	70
м'яча	70
м'ячам	70
м'ячами	70
м'ячах	70
м'ячеві	70
м'ячем	70
м'ячик	70
м'ячика	70
м'ячикам	70
м'ячиками	70
м'ячиках	70
м'ячики	70
м'ячикові	70
м'ячиком	70
м'ячику	70
м'ячиків	70
м'ячу	70
м'ячі	70
м'ячів	70
макрооб'єкт	70
макрооб'єкта	70
макрооб'єктам	70
макрооб'єктами	70
макрооб'єктах	70
макрооб'єкти	70
макрооб'єктові	70
макрооб'єктом	70
макрооб'єкту	70
макрооб'єкті	70
макрооб'єктів	70
малокрів'ю	70
малокрів'я	70
малокрів'ям	70
малокрів'ї	70
марнослів'ю	70
марнослів'я	70
марнослів'ям	70
марнослів'ї	70
матер'яна	70
матер'яне	70
матер'яний	70
матер'яним	70
матер'яними	70
матер'яних	70
матер'яного	70
матер'яному	70
матер'яною	70
матер'яної	70
матер'яну	70
матер'яні	70
матер'яній	70
матер'янім	70
матір'ю	70
межигір'ю	70
межигір'я	70
межигір'ям	70
межигір'ї	70
метаоб'єкт	70
метаоб'єкта	70
метаоб'єктам	70
метаоб'єктами	70
метаоб'єктах	70
метаоб'єкти	70
метаоб'єктові	70
метаоб'єктом	70
метаоб'єкту	70
метаоб'єкті	70
метаоб'єктів	70
миш'як	70
миш'якам	70
миш'яками	70
миш'яках	70
миш'яки	70
миш'якова	70
миш'якове	70
миш'яковий	70
миш'яковим	70
миш'яковими	70
миш'якових	70
миш'якового	70
миш'яковому	70
миш'яковою	70
миш'якової	70
миш'якову	70
миш'якові	70
миш'яковій	70
миш'яковім	70
миш'яком	70
миш'яку	70
миш'яків	70
монгольф'єр	70
монгольф'єра	70
монгольф'єрам	70
монгольф'єрами	70
монгольф'єрах	70
монгольф'єри	70
монгольф'єрові	70
монгольф'єром	70
монгольф'єру	70
монгольф'єрі	70
монгольф'єрів	70
міжбрів'ю	70
міжбрів'я	70
міжбрів'ям	70
міжбрів'ями	70
міжбрів'ях	70
міжбрів'ї	70
міжбрів'їв	70
міжгір'ю	70
міжгір'я	70
міжгір'ям	70
міжгір'ями	70
міжгір'ях	70
міжгір'ї	70
міжгір'їв	70
міжцарів'ю	70
міжцарів'я	70
міжцарів'ям	70
міжцарів'ями	70
міжцарів'ях	70
міжцарів'ї	70
міжцарів'їв	70
мікров'язкості	70
мікров'язкість	70
мікров'язкістю	70
мікрокомп'ютер	70
мікрокомп'ютера	70
мікрокомп'ютерам	70
мікрокомп'ютерами	70
мікрокомп'ютерах	70
мікрокомп'ютери	70
мікрокомп'ютерна	70
мікрокомп'ютерне	70
мікрокомп'ютерний	70
мікрокомп'ютерним	70
мікрокомп'ютерними	70
мікрокомп'ютерних	70
мікрокомп'ютерного	70
мікрокомп'ютерному	70
мікрокомп'ютерною	70
мікрокомп'ютерної	70
мікрокомп'ютерну	70
мікрокомп'ютерні	70
мікрокомп'ютерній	70
мікрокомп'ютернім	70
мікрокомп'ютерові	70
мікрокомп'ютером	70
мікрокомп'ютеру	70
мікрокомп'ютері	70
мікрокомп'ютерів	70
мікрооб'єкт	70
мікрооб'єкта	70
мікрооб'єктам	70
мікрооб'єктами	70
мікрооб'єктах	70
мікрооб'єкти	70
мікрооб'єктові	70
мікрооб'єктом	70
мікрооб'єкту	70
мікрооб'єкті	70
мікрооб'єктів	70
мікрорел'єф	70
мікрорел'єфам	70
мікрорел'єфами	70
мікрорел'єфах	70
мікрорел'єфи	70
мікрорел'єфові	70
мікрорел'єфом	70
мікрорел'єфу	70
мікрорел'єфі	70
мікрорел'єфів	70
мікроін'єкцій	70
мікроін'єкцію	70
мікроін'єкція	70
мікроін'єкціям	70
мікроін'єкціями	70
мікроін'єкціях	70
мікроін'єкцією	70
мікроін'єкції	70
мінздоров'я	70
наб'ю	70
наб'юсь	70
наб'юся	70
наб'ють	70
наб'ються	70
наб'є	70
наб'ємо	70
наб'ємось	70
наб'ємося	70
наб'єте	70
наб'єтесь	70
наб'єтеся	70
наб'ється	70
наб'єш	70
наб'єшся	70
нав'юч	70
нав'ючать	70
нав'ючаться	70
нав'ючена	70
нав'ючене	70
нав'ючений	70
нав'юченим	70
нав'юченими	70
нав'ючених	70
нав'юченого	70
нав'юченому	70
нав'юченою	70
нав'юченої	70
нав'ючену	70
нав'ючені	70
нав'юченій	70
нав'юченім	70
нав'ючив	70
нав'ючивсь	70
нав'ючився	70
нав'ючила	70
нав'ючилась	70
нав'ючилася	70
нав'ючили	70
нав'ючились	70
нав'ючилися	70
нав'ючило	70
нав'ючилось	70
нав'ючилося	70
нав'ючимо	70
нав'ючимось	70
нав'ючимося	70
нав'ючите	70
нав'ючитесь	70
нав'ючитеся	70
нав'ючити	70
нав'ючитись	70
нав'ючитися	70
нав'ючить	70
нав'ючиться	70
нав'ючиш	70
нав'ючишся	70
нав'ючмо	70
нав'ючмось	70
нав'ючмося	70
нав'ючся	70
нав'ючте	70
нав'ючтесь	70
нав'ючтеся	70
нав'ючу	70
нав'ючував	70
нав'ючувавсь	70
нав'ючувався	70
нав'ючувала	70
нав'ючувалась	70
нав'ючувалася	70
нав'ючували	70
нав'ючувались	70
нав'ючувалися	70
нав'ючувало	70
нав'ючувалось	70
нав'ючувалося	70
нав'ючувана	70
нав'ючуване	70
нав'ючуваний	70
нав'ючуваним	70
нав'ючуваними	70
нав'ючуваних	70
нав'ючуванню	70
нав'ючування	70
нав'ючуванням	70
нав'ючуванні	70
нав'ючуваного	70
нав'ючуваному	70
нав'ючуваною	70
нав'ючуваної	70
нав'ючувану	70
нав'ючувані	70
нав'ючуваній	70
нав'ючуванім	70
нав'ючувати	70
нав'ючуватись	70
нав'ючуватися	70
нав'ючуй	70
нав'ючуймо	70
нав'ючуймось	70
нав'ючуймося	70
нав'ючуйсь	70
нав'ючуйся	70
нав'ючуйте	70
нав'ючуйтесь	70
нав'ючуйтеся	70
нав'ючусь	70
нав'ючуся	70
нав'ючую	70
нав'ючуюсь	70
нав'ючуюся	70
нав'ючують	70
нав'ючуються	70
нав'ючуючи	70
нав'ючує	70
нав'ючуємо	70
нав'ючуємось	70
нав'ючуємося	70
нав'ючуєте	70
нав'ючуєтесь	70
нав'ючуєтеся	70
нав'ючується	70
нав'ючуєш	70
нав'ючуєшся	70
нав'яже	70
нав'яжемо	70
нав'яжемось	70
нав'яжемося	70
нав'яжете	70
нав'яжетесь	70
нав'яжетеся	70
нав'яжеться	70
нав'яжеш	70
нав'яжешся	70
нав'яжи	70
нав'яжись	70
нав'яжися	70
нав'яжу	70
нав'яжусь	70
нав'яжуся	70
нав'яжуть	70
нав'яжуться	70
нав'яжімо	70
нав'яжімось	70
нав'яжімося	70
нав'яжіть	70
нав'яжіться	70
нав'язав	70
нав'язавсь	70
нав'язався	70
нав'язавши	70
нав'язала	70
нав'язалась	70
нав'язалася	70
нав'язали	70
нав'язались	70
нав'язалися	70
нав'язало	70
нав'язалось	70
нав'язалося	70
нав'язана	70
нав'язане	70
нав'язаний	70
нав'язаним	70
нав'язаними	70
нав'язаних	70
нав'язано	70
нав'язаного	70
нав'язаному	70
нав'язаною	70
нав'язаної	70
нав'язану	70
нав'язані	70
нав'язаній	70
нав'язанім	70
нав'язати	70
нав'язатись	70
нав'язатися	70
нав'язлива	70
нав'язливе	70
нав'язливий	70
нав'язливим	70
нав'язливими	70
нав'язливих	70
нав'язливо	70
нав'язливого	70
нав'язливому	70
нав'язливостей	70
нав'язливостям	70
нав'язливостями	70
нав'язливостях	70
нав'язливості	70
нав'язливою	70
нав'язливої	70
нав'язливу	70
нав'язливі	70
нав'язливій	70
нав'язливім	70
нав'язливість	70
нав'язливістю	70
нав'язував	70
нав'язувавсь	70
нав'язувався	70
нав'язувала	70
нав'язувалась	70
нав'язувалася	70
нав'язували	70
нав'язувались	70
нав'язувалися	70
нав'язувало	70
нав'язувалось	70
нав'язувалося	70
нав'язувана	70
нав'язуване	70
нав'язуваний	70
нав'язуваним	70
нав'язуваними	70
нав'язуваних	70
нав'язуванню	70
нав'язування	70
нав'язуванням	70
нав'язуваннями	70
нав'язуваннях	70
нав'язуванні	70
нав'язуваного	70
нав'язуваному	70
нав'язуваною	70
нав'язуваної	70
нав'язувану	70
нав'язувань	70
нав'язувані	70
нав'язуваній	70
нав'язуванім	70
нав'язувати	70
нав'язуватиме	70
нав'язуватимемо	70
нав'язуватимемось	70
нав'язуватимемося	70
нав'язуватимете	70
нав'язуватиметесь	70
нав'язуватиметеся	70
нав'язуватиметься	70
нав'язуватимеш	70
нав'язуватимешся	70
нав'язуватиму	70
нав'язуватимусь	70
нав'язуватимуся	70
нав'язуватимуть	70
нав'язуватимуться	70
нав'язуватись	70
нав'язуватися	70
нав'язуй	70
нав'язуймо	70
нав'язуймось	70
нав'язуймося	70
нав'язуйсь	70
нав'язуйся	70
нав'язуйте	70
нав'язуйтесь	70
нав'язуйтеся	70
нав'язую	70
нав'язуюсь	70
нав'язуюся	70
нав'язують	70
нав'язуються	70
нав'язуючи	70
нав'язує	70
нав'язуємо	70
нав'язуємось	70
нав'язуємося	70
нав'язуєте	70
нав'язуєтесь	70
нав'язуєтеся	70
нав'язується	70
нав'язуєш	70
нав'язуєшся	70
нав'ялена	70
нав'ялене	70
нав'ялений	70
нав'яленим	70
нав'яленими	70
нав'ялених	70
нав'яленого	70
нав'яленому	70
нав'яленою	70
нав'яленої	70
нав'ялену	70
нав'ялені	70
нав'яленій	70
нав'яленім	70
нав'ялював	70
нав'ялювавсь	70
нав'ялювався	70
нав'ялювала	70
нав'ялювалась	70
нав'ялювалася	70
нав'ялювали	70
нав'ялювались	70
нав'ялювалися	70
нав'ялювало	70
нав'ялювалось	70
нав'ялювалося	70
нав'ялюванню	70
нав'ялювання	70
нав'ялюванням	70
нав'ялюванні	70
нав'ялювати	70
нав'ялюватись	70
нав'ялюватися	70
нав'ялюй	70
нав'ялюймо	70
нав'ялюймось	70
нав'ялюймося	70
нав'ялюйсь	70
нав'ялюйся	70
нав'ялюйте	70
нав'ялюйтесь	70
нав'ялюйтеся	70
нав'ялюю	70
нав'ялююсь	70
нав'ялююся	70
нав'ялюють	70
нав'ялюються	70
нав'ялює	70
нав'ялюємо	70
нав'ялюємось	70
нав'ялюємося	70
нав'ялюєте	70
нав'ялюєтесь	70
нав'ялюєтеся	70
нав'ялюється	70
нав'ялюєш	70
нав'ялюєшся	70
нагір'ю	70
нагір'я	70
нагір'ям	70
нагір'ями	70
нагір'ях	70
нагір'ї	70
нагір'їв	70
над'їдав	70
над'їдай	70
над'їдаймо	70
над'їдайте	70
над'їдала	70
над'їдали	70
над'їдало	70
над'їдати	70
над'їдаю	70
над'їдають	70
над'їдає	70
над'їдаємо	70
над'їдаєте	70
над'їдаєш	70
над'їдена	70
над'їдене	70
над'їдений	70
над'їденим	70
над'їденими	70
над'їдених	70
над'їденого	70
над'їденому	70
над'їденою	70
над'їденої	70
над'їдену	70
над'їдені	70
над'їденій	70
над'їденім	70
над'їжджав	70
над'їжджай	70
над'їжджаймо	70
над'їжджайте	70
над'їжджала	70
над'їжджали	70
над'їжджало	70
над'їжджати	70
над'їжджаю	70
над'їжджають	70
над'їжджає	70
над'їжджаємо	70
над'їжджаєте	70
над'їжджаєш	70
надбрів'ю	70
надбрів'я	70
надбрів'ям	70
надбрів'ями	70
надбрів'ях	70
надбрів'ї	70
надбрів'їв	70
надвечір'ю	70
надвечір'я	70
надвечір'ям	70
надвечір'ї	70
надвір'ю	70
надвір'я	70
надвір'ям	70
надвір'ями	70
надвір'ях	70
надвір'ї	70
надвір'їв	70
надлоб'ю	70
надлоб'я	70
надлоб'ям	70
надлоб'ями	70
надлоб'ях	70
надлоб'ї	70
надлоб'їв	70
надмор'ю	70
надмор'я	70
надмор'ям	70
надмор'ї	70
надп'яткова	70
надп'яткове	70
надп'ятковий	70
надп'ятковим	70
надп'ятковими	70
надп'яткових	70
надп'яткового	70
надп'ятковому	70
надп'ятковою	70
надп'яткової	70
надп'яткову	70
надп'яткові	70
надп'ятковій	70
надп'ятковім	70
надчерев'ю	70
надчерев'я	70
надчерев'ям	70
надчерев'ї	70
надіб'я	70
надіп'ю	70
надіп'ють	70
надіп'є	70
надіп'ємо	70
надіп'єте	70
надіп'єш	70
найлюб'язнішого	70
найм'якша	70
найм'якше	70
найм'якший	70
найм'якших	70
найм'якшої	70
найм'якіше	70
найм'якіший	70
найм'якіші	70
накип'ятив	70
накип'ятила	70
накип'ятили	70
накип'ятило	70
накип'ятимо	70
накип'ятите	70
накип'ятити	70
накип'ятить	70
накип'ятиш	70
накип'ятять	70
накип'ячу	70
нам'яв	70
нам'явсь	70
нам'явся	70
нам'якав	70
нам'якай	70
нам'якаймо	70
нам'якайте	70
нам'якала	70
нам'якали	70
нам'якало	70
нам'якати	70
нам'якаю	70
нам'якають	70
нам'якає	70
нам'якаємо	70
нам'якаєте	70
нам'якаєш	70
нам'яла	70
нам'ялась	70
нам'ялася	70
нам'яли	70
нам'ялись	70
нам'ялися	70
нам'яло	70
нам'ялось	70
нам'ялося	70
нам'ята	70
нам'яте	70
нам'яти	70
нам'ятий	70
нам'ятим	70
нам'ятими	70
нам'ятись	70
нам'ятися	70
нам'ятих	70
нам'ятого	70
нам'ятому	70
нам'ятою	70
нам'ятої	70
нам'яту	70
нам'яті	70
нам'ятій	70
нам'ятім	70
нап'юсь	70
нап'юся	70
нап'ються	70
нап'ясти	70
нап'ястися	70
нап'ята	70
нап'яте	70
нап'ятеро	70
нап'ятий	70
нап'ятим	70
нап'ятими	70
нап'ятих	70
нап'ятого	70
нап'ятому	70
нап'ятою	70
нап'ятої	70
нап'яту	70
нап'яті	70
нап'ятій	70
нап'ятім	70
нап'ємось	70
нап'ємося	70
нап'єтесь	70
нап'єтеся	70
нап'ється	70
нап'єшся	70
напам'ять	70
напів'ява	70
напів'яви	70
напів'явою	70
напів'яву	70
напів'яві	70
напівм'яка	70
напівм'яке	70
напівм'який	70
напівм'яким	70
напівм'якими	70
напівм'яких	70
напівм'якого	70
напівм'якому	70
напівм'якою	70
напівм'якої	70
напівм'яку	70
напівм'які	70
напівм'якій	70
напівм'якім	70
напівп'яна	70
напівп'яне	70
напівп'яний	70
напівп'яним	70
напівп'яними	70
напівп'яних	70
напівп'яного	70
напівп'яному	70
напівп'яною	70
напівп'яної	70
напівп'яну	70
напівп'яні	70
напівп'яній	70
напівп'янім	70
нарум'янена	70
нарум'янене	70
нарум'янений	70
нарум'яненим	70
нарум'яненими	70
нарум'янених	70
нарум'яненого	70
нарум'яненому	70
нарум'яненою	70
нарум'яненої	70
нарум'янену	70
нарум'янені	70
нарум'яненій	70
нарум'яненім	70
нарум'янював	70
нарум'янювавсь	70
нарум'янювався	70
нарум'янювала	70
нарум'янювалась	70
нарум'янювалася	70
нарум'янювали	70
нарум'янювались	70
нарум'янювалися	70
нарум'янювало	70
нарум'янювалось	70
нарум'янювалося	70
нарум'янювати	70
нарум'янюватись	70
нарум'янюватися	70
нарум'янюй	70
нарум'янюймо	70
нарум'янюймось	70
нарум'янюймося	70
нарум'янюйсь	70
нарум'янюйся	70
нарум'янюйте	70
нарум'янюйтесь	70
нарум'янюйтеся	70
нарум'янюю	70
нарум'янююсь	70
нарум'янююся	70
нарум'янюють	70
нарум'янюються	70
нарум'янює	70
нарум'янюємо	70
нарум'янюємось	70
нарум'янюємося	70
нарум'янюєте	70
нарум'янюєтесь	70
нарум'янюєтеся	70
нарум'янюється	70
нарум'янюєш	70
нарум'янюєшся	70
нев'язки	70
нев'язку	70
нев'януча	70
нев'януче	70
нев'янучий	70
нев'янучим	70
нев'янучими	70
нев'янучих	70
нев'янучого	70
нев'янучому	70
нев'янучості	70
нев'янучою	70
нев'янучої	70
нев'янучу	70
нев'янучі	70
нев'янучій	70
нев'янучім	70
нев'янучість	70
нев'янучістю	70
нев'януща	70
нев'януще	70
нев'янущий	70
нев'янущим	70
нев'янущими	70
нев'янущих	70
нев'янущого	70
нев'янущому	70
нев'янущою	70
нев'янущої	70
нев'янущу	70
нев'янущі	70
нев'янущій	70
нев'янущім	70
нев'їжджена	70
нев'їжджене	70
нев'їжджений	70
нев'їждженим	70
нев'їждженими	70
нев'їжджених	70
нев'їждженого	70
нев'їждженому	70
нев'їждженою	70
нев'їждженої	70
нев'їжджену	70
нев'їжджені	70
нев'їждженій	70
нев'їждженім	70
невід'ємна	70
невід'ємне	70
невід'ємний	70
невід'ємним	70
невід'ємними	70
невід'ємних	70
невід'ємно	70
невід'ємного	70
невід'ємності	70
невід'ємною	70
невід'ємної	70
невід'ємну	70
невід'ємні	70
невід'ємнім	70
невід'ємність	70
невідв'язна	70
невідв'язне	70
невідв'язний	70
невідв'язним	70
невідв'язними	70
невідв'язних	70
невідв'язно	70
невідв'язного	70
невідв'язному	70
невідв'язності	70
невідв'язною	70
невідв'язної	70
невідв'язну	70
невідв'язні	70
невідв'язній	70
невідв'язнім	70
невідв'язність	70
невідв'язністю	70
невійськовозобов'язана	70
невійськовозобов'язане	70
невійськовозобов'язаний	70
невійськовозобов'язаним	70
невійськовозобов'язаними	70
невійськовозобов'язаних	70
невійськовозобов'язаного	70
невійськовозобов'язаному	70
невійськовозобов'язаною	70
невійськовозобов'язаної	70
невійськовозобов'язану	70
невійськовозобов'язані	70
невійськовозобов'язаній	70
невійськовозобов'язанім	70
невір'ю	70
невір'я	70
невір'ям	70
невір'ями	70
невір'ях	70
невір'ї	70
невір'їв	70
недов'яже	70
недов'яжемо	70
недов'яжемось	70
недов'яжемося	70
недов'яжете	70
недов'яжетесь	70
недов'яжетеся	70
недов'яжеться	70
недов'яжеш	70
недов'яжешся	70
недов'яжи	70
недов'яжись	70
недов'яжися	70
недов'яжу	70
недов'яжусь	70
недов'яжуся	70
недов'яжуть	70
недов'яжуться	70
недов'яжімо	70
недов'яжімось	70
недов'яжімося	70
недов'яжіть	70
недов'яжіться	70
недов'язав	70
недов'язавсь	70
недов'язався	70
недов'язала	70
недов'язалась	70
недов'язалася	70
недов'язали	70
недов'язались	70
недов'язалися	70
недов'язало	70
недов'язалось	70
недов'язалося	70
недов'язана	70
недов'язане	70
недов'язаний	70
недов'язаним	70
недов'язаними	70
недов'язаних	70
недов'язаного	70
недов'язаному	70
недов'язаною	70
недов'язаної	70
недов'язану	70
недов'язані	70
недов'язаній	70
недов'язанім	70
недов'язати	70
недов'язатись	70
недов'язатися	70
недовір'я	70
недовір'ям	70
недокрів'ю	70
недокрів'я	70
недокрів'ям	70
недокрів'ями	70
недокрів'ях	70
недокрів'ї	70
недокрів'їв	70
недоп'ю	70
недоп'юсь	70
недоп'юся	70
недоп'ють	70
недоп'ються	70
недоп'є	70
недоп'ємо	70
недоп'ємось	70
недоп'ємося	70
недоп'єте	70
недоп'єтесь	70
недоп'єтеся	70
недоп'ється	70
недоп'єш	70
недоп'єшся	70
нез'явлення	70
нез'ясована	70
нез'ясоване	70
нез'ясованим	70
нез'ясованими	70
нез'ясованих	70
нез'ясованого	70
нез'ясованому	70
нез'ясованості	70
нез'ясованою	70
нез'ясованої	70
нез'ясовані	70
нез'ясованість	70
нез'ясованістю	70
нез'ясовна	70
нез'ясовний	70
нез'ясовним	70
нез'ясовних	70
нез'ясовно	70
нез'ясовного	70
нез'ясовності	70
нез'ясовну	70
нез'ясовні	70
нез'ясовність	70
нез'ясовністю	70
нез'єднані	70
незабур'янена	70
незабур'янене	70
незабур'янений	70
незабур'яненим	70
незабур'яненими	70
незабур'янених	70
незабур'яненого	70
незабур'яненому	70
незабур'яненості	70
незабур'яненою	70
незабур'яненої	70
незабур'янену	70
незабур'янені	70
незабур'яненій	70
незабур'яненім	70
незабур'яненість	70
незабур'яненістю	70
незапам'ятна	70
незапам'ятне	70
незапам'ятний	70
незапам'ятним	70
незапам'ятними	70
незапам'ятних	70
незапам'ятного	70
незапам'ятному	70
незапам'ятною	70
незапам'ятної	70
незапам'ятну	70
незапам'ятні	70
незапам'ятній	70
незапам'ятнім	70
незв'язаний	70
незв'язаними	70
незв'язаних	70
незв'язаного	70
незв'язаному	70
незв'язаною	70
незв'язаної	70
незв'язану	70
незв'язані	70
незв'язаній	70
незв'язна	70
незв'язне	70
незв'язним	70
незв'язними	70
незв'язних	70
незв'язно	70
незв'язною	70
незв'язні	70
нездоров'я	70
незлопам'ятний	70
незів'яла	70
незів'яле	70
незів'ялий	70
незів'ялим	70
незів'ялими	70
незів'ялих	70
незів'ялого	70
незів'ялому	70
незів'ялою	70
незів'ялої	70
незів'ялу	70
незів'ялі	70
незів'ялій	70
незів'ялім	70
некип'яченої	70
некон'юнктурна	70
некон'юнктурне	70
некон'юнктурний	70
некон'юнктурним	70
некон'юнктурними	70
некон'юнктурних	70
некон'юнктурного	70
некон'юнктурному	70
некон'юнктурності	70
некон'юнктурною	70
некон'юнктурної	70
некон'юнктурну	70
некон'юнктурні	70
некон'юнктурній	70
некон'юнктурнім	70
некон'юнктурність	70
некон'юнктурністю	70
нелюб'язно	70
нелюбов'ю	70
ненав'язлива	70
ненав'язливе	70
ненав'язливий	70
ненав'язливим	70
ненав'язливими	70
ненав'язливих	70
ненав'язливо	70
ненав'язливого	70
ненав'язливості	70
ненав'язливою	70
ненав'язливої	70
ненав'язливу	70
ненав'язливі	70
ненав'язливій	70
необ'єктивна	70
необ'єктивне	70
необ'єктивним	70
необ'єктивних	70
необ'єктивно	70
необ'єктивного	70
необ'єктивності	70
необ'єктивною	70
необ'єктивної	70
необ'єктивну	70
необ'єктивні	70
необ'єктивність	70
необ'їжджено	70
необ'їждженого	70
необов'язкова	70
необов'язкове	70
необов'язковий	70
необов'язковим	70
необов'язковими	70
необов'язкових	70
необов'язково	70
необов'язкового	70
необов'язковості	70
необов'язковою	70
необов'язкової	70
необов'язкову	70
необов'язкові	70
необов'язковій	70
необов'язковість	70
необов'язковістю	70
непам'ятка	70
непам'ятке	70
непам'яткий	70
непам'ятким	70
непам'яткими	70
непам'ятких	70
непам'яткого	70
непам'яткому	70
непам'яткою	70
непам'яткої	70
непам'ятку	70
непам'яткі	70
непам'яткій	70
непам'яткім	70
непам'ятлива	70
непам'ятливе	70
непам'ятливий	70
непам'ятливим	70
непам'ятливими	70
непам'ятливих	70
непам'ятливого	70
непам'ятливому	70
непам'ятливою	70
непам'ятливої	70
непам'ятливу	70
непам'ятливі	70
непам'ятливій	70
непам'ятливім	70
непам'ятна	70
непам'ятне	70
непам'ятний	70
непам'ятним	70
непам'ятними	70
непам'ятних	70
непам'ятного	70
непам'ятному	70
непам'ятною	70
непам'ятної	70
непам'ятну	70
непам'ятні	70
непам'ятній	70
непам'ятнім	70
непам'яттю	70
непам'ять	70
непам'яті	70
неперев'язана	70
неперев'язане	70
неперев'язаний	70
неперев'язаним	70
неперев'язаними	70
неперев'язаних	70
неперев'язаного	70
неперев'язаному	70
неперев'язаною	70
неперев'язаної	70
неперев'язану	70
неперев'язані	70
неперев'язаній	70
неперев'язанім	70
непов'язаним	70
непов'язаними	70
непов'язаних	70
непов'язані	70
неполив'яна	70
неполив'яне	70
неполив'яний	70
неполив'яним	70
неполив'яними	70
неполив'яних	70
неполив'яного	70
неполив'яному	70
неполив'яною	70
неполив'яної	70
неполив'яну	70
неполив'яні	70
неполив'яній	70
неполив'янім	70
непом'якшена	70
непом'якшене	70
непом'якшений	70
непом'якшеним	70
непом'якшеними	70
непом'якшених	70
непом'якшеного	70
непом'якшеному	70
непом'якшеності	70
непом'якшеною	70
непом'якшеної	70
непом'якшену	70
непом'якшені	70
непом'якшеній	70
непом'якшенім	70
непом'якшеність	70
непом'якшеністю	70
непред'явленню	70
непред'явлення	70
непред'явленням	70
непред'явленні	70
непід'ємна	70
непід'ємне	70
непід'ємний	70
непід'ємним	70
непід'ємними	70
непід'ємних	70
непід'ємного	70
непід'ємному	70
непід'ємною	70
непід'ємної	70
непід'ємну	70
непід'ємні	70
непід'ємній	70
непід'ємнім	70
нерозв'язаний	70
нерозв'язаним	70
нерозв'язаними	70
нерозв'язаних	70
нерозв'язаною	70
нерозв'язану	70
нерозв'язані	70
нерозв'язаність	70
нерозв'язаністю	70
нерозв'язна	70
нерозв'язним	70
нерозв'язними	70
нерозв'язних	70
нерозв'язності	70
нерозв'язною	70
нерозв'язної	70
нерозв'язну	70
нерозв'язні	70
нерозв'язність	70
нерозв'язністю	70
нерозв'язувальна	70
нерозв'язувальне	70
нерозв'язувальний	70
нерозв'язувальним	70
нерозв'язувальними	70
нерозв'язувальних	70
нерозв'язувального	70
нерозв'язувальному	70
нерозв'язувальною	70
нерозв'язувальної	70
нерозв'язувальну	70
нерозв'язувальні	70
нерозв'язувальній	70
нерозв'язувальнім	70
нерозв'язувана	70
нерозв'язуване	70
нерозв'язуваний	70
нерозв'язуваним	70
нерозв'язуваними	70
нерозв'язуваних	70
нерозв'язуваного	70
нерозв'язуваному	70
нерозв'язуваності	70
нерозв'язуваною	70
нерозв'язуваної	70
нерозв'язувану	70
нерозв'язувані	70
нерозв'язуваній	70
нерозв'язуванім	70
нерозв'язуваність	70
нерозв'язуваністю	70
нерп'яча	70
нерп'яче	70
нерп'ячий	70
нерп'ячим	70
нерп'ячими	70
нерп'ячих	70
нерп'ячого	70
нерп'ячому	70
нерп'ячою	70
нерп'ячої	70
нерп'ячу	70
нерп'ячі	70
нерп'ячій	70
нерп'ячім	70
неслов'янська	70
неслов'янське	70
неслов'янський	70
неслов'янським	70
неслов'янськими	70
неслов'янських	70
неслов'янського	70
неслов'янському	70
неслов'янською	70
неслов'янської	70
неслов'янську	70
неслов'янські	70
неслов'янській	70
неслов'янськім	70
нечорнозем'ю	70
нечорнозем'я	70
нечорнозем'ям	70
нечорнозем'ями	70
нечорнозем'ях	70
нечорнозем'ї	70
нечорнозем'їв	70
низов'ю	70
низов'я	70
низов'ям	70
низов'ями	70
низов'ях	70
низов'ї	70
низов'їв	70
об'ява	70
об'яви	70
об'явленню	70
об'явлення	70
об'явленням	70
об'явленні	70
об'явницею	70
об'явницю	70
об'явниця	70
об'явниці	70
об'явою	70
об'яву	70
об'яві	70
об'єднав	70
об'єднавсь	70
об'єднався	70
об'єднавча	70
об'єднавче	70
об'єднавчий	70
об'єднавчим	70
об'єднавчими	70
об'єднавчих	70
об'єднавчого	70
об'єднавчому	70
об'єднавчою	70
об'єднавчої	70
об'єднавчу	70
об'єднавчі	70
об'єднавчій	70
об'єднавчім	70
об'єднавши	70
об'єднавшись	70
об'єднай	70
об'єднаймо	70
об'єднаймось	70
об'єднаймося	70
об'єднайсь	70
об'єднайся	70
об'єднайте	70
об'єднайтесь	70
об'єднайтеся	70
об'єднала	70
об'єдналась	70
об'єдналася	70
об'єднали	70
об'єднались	70
об'єдналися	70
об'єднало	70
об'єдналось	70
об'єдналося	70
об'єднана	70
об'єднане	70
об'єднаний	70
об'єднаним	70
об'єднаними	70
об'єднаних	70
об'єднанню	70
об'єднання	70
об'єднанням	70
об'єднаннями	70
об'єднаннях	70
об'єднанні	70
об'єднано	70
об'єднаного	70
об'єднаному	70
об'єднаності	70
об'єднаною	70
об'єднаної	70
об'єднану	70
об'єднань	70
об'єднані	70
об'єднаній	70
об'єднанім	70
об'єднаність	70
об'єднаністю	70
об'єднати	70
об'єднатись	70
об'єднатися	70
об'єднаю	70
об'єднаюсь	70
об'єднаюся	70
об'єднають	70
об'єднаються	70
об'єднає	70
об'єднаємо	70
об'єднаємось	70
об'єднаємося	70
об'єднаєте	70
об'єднаєтесь	70
об'єднаєтеся	70
об'єднається	70
об'єднаєш	70
об'єднаєшся	70
об'єднував	70
об'єднувавсь	70
об'єднувався	70
об'єднувала	70
об'єднувалась	70
об'єднувалася	70
об'єднували	70
об'єднувались	70
об'єднувалися	70
об'єднувало	70
об'єднувалось	70
об'єднувалося	70
об'єднувальна	70
об'єднувальне	70
об'єднувальний	70
об'єднувальним	70
об'єднувальними	70
об'єднувальних	70
об'єднувального	70
об'єднувальному	70
об'єднувальною	70
об'єднувальної	70
об'єднувальну	70
об'єднувальні	70
об'єднувальній	70
об'єднувальнім	70
об'єднувана	70
об'єднуване	70
об'єднуваний	70
об'єднуваним	70
об'єднуваними	70
об'єднуваних	70
об'єднуванню	70
об'єднування	70
об'єднуванням	70
об'єднуваннями	70
об'єднуваннях	70
об'єднуванні	70
об'єднуваного	70
об'єднуваному	70
об'єднуваною	70
об'єднуваної	70
об'єднувану	70
об'єднувань	70
об'єднувані	70
об'єднуваній	70
об'єднуванім	70
об'єднувати	70
об'єднуватиме	70
об'єднуватимемо	70
об'єднуватимемось	70
об'єднуватимемося	70
об'єднуватимете	70
об'єднуватиметесь	70
об'єднуватиметеся	70
об'єднуватиметься	70
об'єднуватимеш	70
об'єднуватимешся	70
об'єднуватиму	70
об'єднуватимусь	70
об'єднуватимуся	70
об'єднуватимуть	70
об'єднуватимуться	70
об'єднуватись	70
об'єднуватися	70
об'єднувач	70
об'єднувача	70
об'єднувачам	70
об'єднувачами	70
об'єднувачах	70
об'єднувачеві	70
об'єднувачем	70
об'єднувачу	70
об'єднувачі	70
об'єднувачів	70
об'єднуй	70
об'єднуймо	70
об'єднуймось	70
об'єднуймося	70
об'єднуйсь	70
об'єднуйся	70
об'єднуйте	70
об'єднуйтесь	70
об'єднуйтеся	70
об'єдную	70
об'єднуюсь	70
об'єднуюся	70
об'єднують	70
об'єднуються	70
об'єднуючи	70
об'єднує	70
об'єднуємо	70
об'єднуємось	70
об'єднуємося	70
об'єднуєте	70
об'єднуєтесь	70
об'єднуєтеся	70
об'єднується	70
об'єднуєш	70
об'єднуєшся	70
об'єкт	70
об'єкта	70
об'єктам	70
об'єктами	70
об'єктах	70
об'єкти	70
об'єктив	70
об'єктива	70
об'єктивам	70
об'єктивами	70
об'єктивах	70
об'єктивацію	70
об'єктивація	70
об'єктивацією	70
об'єктивації	70
об'єктиви	70
об'єктивна	70
об'єктивне	70
об'єктивний	70
об'єктивним	70
об'єктивними	70
об'єктивних	70
об'єктивно	70
об'єктивного	70
об'єктивному	70
об'єктивностей	70
об'єктивностям	70
об'єктивностями	70
об'єктивностях	70
об'єктивності	70
об'єктивною	70
об'єктивної	70
об'єктивну	70
об'єктивні	70
об'єктивній	70
об'єктивнім	70
об'єктивність	70
об'єктивністю	70
об'єктивована	70
об'єктивоване	70
об'єктивований	70
об'єктивованим	70
об'єктивованими	70
об'єктивованих	70
об'єктивованого	70
об'єктивованому	70
об'єктивованості	70
об'єктивованою	70
об'єктивованої	70
об'єктивовану	70
об'єктивовані	70
об'єктивованій	70
об'єктивованім	70
об'єктивованість	70
об'єктивованістю	70
об'єктивові	70
об'єктивом	70
об'єктиву	70
об'єктиві	70
об'єктивів	70
об'єктивізацію	70
об'єктивізація	70
об'єктивізацією	70
об'єктивізації	70
об'єктивізм	70
об'єктивізмові	70
об'єктивізмом	70
об'єктивізму	70
об'єктивізмі	70
об'єктна	70
об'єктне	70
об'єктний	70
об'єктним	70
об'єктними	70
об'єктних	70
об'єктного	70
об'єктному	70
об'єктності	70
об'єктною	70
об'єктної	70
об'єктну	70
об'єктні	70
об'єктній	70
об'єктнім	70
об'єктність	70
об'єктністю	70
об'єктові	70
об'єктозорієнтована	70
об'єктозорієнтоване	70
об'єктозорієнтований	70
об'єктозорієнтованим	70
об'єктозорієнтованими	70
об'єктозорієнтованих	70
об'єктозорієнтованого	70
об'єктозорієнтованому	70
об'єктозорієнтованою	70
об'єктозорієнтованої	70
об'єктозорієнтовану	70
об'єктозорієнтовані	70
об'єктозорієнтованій	70
об'єктозорієнтованім	70
об'єктом	70
об'єкту	70
об'єкті	70
об'єктів	70
об'єм	70
об'ємам	70
об'ємами	70
об'ємах	70
об'єми	70
об'ємиста	70
об'ємисте	70
об'ємистий	70
об'ємистим	70
об'ємистими	70
об'ємистих	70
об'ємистого	70
об'ємистому	70
об'ємистою	70
об'ємистої	70
об'ємисту	70
об'ємисті	70
об'ємистій	70
об'ємистім	70
об'ємна	70
об'ємне	70
об'ємний	70
об'ємним	70
об'ємними	70
об'ємних	70
об'ємно	70
об'ємного	70
об'ємному	70
об'ємностей	70
об'ємностям	70
об'ємностями	70
об'ємностях	70
об'ємності	70
об'ємною	70
об'ємної	70
об'ємну	70
об'ємні	70
об'ємній	70
об'ємнім	70
об'ємність	70
об'ємністю	70
об'ємові	70
об'ємом	70
об'єму	70
об'ємі	70
об'ємів	70
об'їв	70
об'ївсь	70
об'ївся	70
об'їдав	70
об'їдавсь	70
об'їдався	70
об'їдай	70
об'їдаймо	70
об'їдаймось	70
об'їдаймося	70
об'їдайсь	70
об'їдайся	70
об'їдайте	70
об'їдайтесь	70
об'їдайтеся	70
об'їдала	70
об'їдалась	70
об'їдалася	70
об'їдали	70
об'їдались	70
об'їдалися	70
об'їдало	70
об'їдалось	70
об'їдалося	70
об'їданню	70
об'їдання	70
об'їданням	70
об'їданнями	70
об'їданнях	70
об'їданні	70
об'їдань	70
об'їдати	70
об'їдатись	70
об'їдатися	70
об'їдаю	70
об'їдаюсь	70
об'їдаюся	70
об'їдають	70
об'їдаються	70
об'їдаючи	70
об'їдає	70
об'їдаємо	70
об'їдаємось	70
об'їдаємося	70
об'їдаєте	70
об'їдаєтесь	70
об'їдаєтеся	70
об'їдається	70
об'їдаєш	70
об'їдаєшся	70
об'їде	70
об'їдемо	70
об'їдена	70
об'їдене	70
об'їдений	70
об'їденим	70
об'їденими	70
об'їдених	70
об'їденого	70
об'їденому	70
об'їденою	70
об'їденої	70
об'їдену	70
об'їдені	70
об'їденій	70
об'їденім	70
об'їдете	70
об'їдеш	70
об'їду	70
об'їдуть	70
об'їдь	70
об'їдьмо	70
об'їдьте	70
об'їдять	70
об'їдяться	70
об'їж	70
об'їжджав	70
об'їжджай	70
об'їжджаймо	70
об'їжджайте	70
об'їжджала	70
об'їжджали	70
об'їжджало	70
об'їжджанню	70
об'їжджання	70
об'їжджанням	70
об'їжджаннями	70
об'їжджаннях	70
об'їжджанні	70
об'їжджань	70
об'їжджати	70
об'їжджаю	70
об'їжджають	70
об'їжджаючи	70
об'їжджає	70
об'їжджаємо	70
об'їжджаєте	70
об'їжджаєш	70
об'їжджена	70
об'їжджене	70
об'їжджений	70
об'їждженим	70
об'їждженими	70
об'їжджених	70
об'їждженого	70
об'їждженому	70
об'їждженою	70
об'їждженої	70
об'їжджену	70
об'їжджені	70
об'їждженій	70
об'їждженім	70
об'їжджу	70
об'їжмо	70
об'їжмось	70
об'їжмося	70
об'їжся	70
об'їжте	70
об'їжтесь	70
об'їжтеся	70
об'їзд	70
об'їздам	70
об'їздами	70
об'їздах	70
об'їзди	70
об'їздив	70
об'їздивши	70
об'їздила	70
об'їздили	70
об'їздило	70
об'їздимо	70
об'їздите	70
об'їздити	70
об'їздить	70
об'їздиш	70
об'їздові	70
об'їздом	70
об'їзду	70
об'їздять	70
об'їзді	70
об'їздів	70
об'їздімо	70
об'їздіть	70
об'їзна	70
об'їзне	70
об'їзний	70
об'їзним	70
об'їзними	70
об'їзних	70
об'їзного	70
об'їзному	70
об'їзною	70
об'їзної	70
об'їзну	70
об'їзні	70
об'їзній	70
об'їзнім	70
об'їла	70
об'їлась	70
об'їлася	70
об'їли	70
об'їлись	70
об'їлися	70
об'їло	70
об'їлось	70
об'їлося	70
об'їм	70
об'їмо	70
об'їмось	70
об'їмося	70
об'їмся	70
об'їси	70
об'їсись	70
об'їсися	70
об'їсте	70
об'їстесь	70
об'їстеся	70
об'їсти	70
об'їстись	70
об'їстися	70
об'їсть	70
об'їсться	70
об'їхав	70
об'їхавши	70
об'їхала	70
об'їхали	70
об'їхало	70
об'їхати	70
обв'яже	70
обв'яжемо	70
обв'яжемось	70
обв'яжемося	70
обв'яжете	70
обв'яжетесь	70
обв'яжетеся	70
обв'яжеться	70
обв'яжеш	70
обв'яжешся	70
обв'яжи	70
обв'яжись	70
обв'яжися	70
обв'яжу	70
обв'яжусь	70
обв'яжуся	70
обв'яжуть	70
обв'яжуться	70
обв'яжімо	70
обв'яжімось	70
обв'яжімося	70
обв'яжіть	70
обв'яжіться	70
обв'язав	70
обв'язавсь	70
обв'язався	70
обв'язала	70
обв'язалась	70
обв'язалася	70
обв'язали	70
обв'язались	70
обв'язалися	70
обв'язало	70
обв'язалось	70
обв'язалося	70
обв'язана	70
обв'язане	70
обв'язаний	70
обв'язаним	70
обв'язаними	70
обв'язаних	70
обв'язано	70
обв'язаного	70
обв'язаному	70
обв'язаною	70
обв'язаної	70
обв'язану	70
обв'язані	70
обв'язаній	70
обв'язанім	70
обв'язати	70
обв'язатись	70
обв'язатися	70
обв'язка	70
обв'язкам	70
обв'язками	70
обв'язках	70
обв'язки	70
обв'язкою	70
обв'язку	70
обв'язок	70
обв'язував	70
обв'язувавсь	70
обв'язувався	70
обв'язувала	70
обв'язувалась	70
обв'язувалася	70
обв'язували	70
обв'язувались	70
обв'язувалися	70
обв'язувало	70
обв'язувалось	70
обв'язувалося	70
обв'язуванню	70
обв'язування	70
обв'язуванням	70
обв'язуваннями	70
обв'язуваннях	70
обв'язуванні	70
обв'язувань	70
обв'язувати	70
обв'язуватись	70
обв'язуватися	70
обв'язуй	70
обв'язуймо	70
обв'язуймось	70
обв'язуймося	70
обв'язуйсь	70
обв'язуйся	70
обв'язуйте	70
обв'язуйтесь	70
обв'язуйтеся	70
обв'язую	70
обв'язуюсь	70
обв'язуюся	70
обв'язують	70
обв'язуються	70
обв'язуючи	70
обв'язує	70
обв'язуємо	70
обв'язуємось	70
обв'язуємося	70
обв'язуєте	70
обв'язуєтесь	70
обв'язуєтеся	70
обв'язується	70
обв'язуєш	70
обв'язуєшся	70
обв'язці	70
обм'якла	70
обм'якле	70
обм'яклий	70
обм'яклим	70
обм'яклими	70
обм'яклих	70
обм'якло	70
обм'яклого	70
обм'яклому	70
обм'яклості	70
обм'яклою	70
обм'яклої	70
обм'яклу	70
обм'яклі	70
обм'яклій	70
обм'яклім	70
обм'яклість	70
обм'яклістю	70
обов'язкам	70
обов'язками	70
обов'язках	70
обов'язки	70
обов'язкова	70
обов'язкове	70
обов'язковий	70
обов'язковим	70
обов'язковими	70
обов'язкових	70
обов'язково	70
обов'язкового	70
обов'язковому	70
обов'язковостей	70
обов'язковостям	70
обов'язковостями	70
обов'язковостях	70
обов'язковості	70
обов'язковою	70
обов'язкової	70
обов'язкову	70
обов'язкові	70
обов'язковій	70
обов'язковім	70
обов'язковість	70
обов'язковістю	70
обов'язком	70
обов'язку	70
обов'язків	70
обов'язок	70
обіб'ю	70
обіб'юсь	70
обіб'юся	70
обіб'ють	70
обіб'ються	70
обіб'є	70
обіб'ємо	70
обіб'ємось	70
обіб'ємося	70
обіб'єте	70
обіб'єтесь	70
обіб'єтеся	70
обіб'ється	70
обіб'єш	70
обіб'єшся	70
обів'ю	70
обів'юсь	70
обів'юся	70
обів'ють	70
обів'ються	70
обів'є	70
обів'ємо	70
обів'ємось	70
обів'ємося	70
обів'єте	70
обів'єтесь	70
обів'єтеся	70
обів'ється	70
обів'єш	70
обів'єшся	70
обім'ята	70
обім'яте	70
обім'ятий	70
обім'ятим	70
обім'ятими	70
обім'ятих	70
обім'ятого	70
обім'ятому	70
обім'ятою	70
обім'ятої	70
обім'яту	70
обім'яті	70
обім'ятій	70
обім'ятім	70
одерев'яніла	70
одерев'яніле	70
одерев'янілий	70
одерев'янілим	70
одерев'янілими	70
одерев'янілих	70
одерев'яніло	70
одерев'янілого	70
одерев'янілому	70
одерев'янілості	70
одерев'янілою	70
одерев'янілої	70
одерев'янілу	70
одерев'янілі	70
одерев'янілій	70
одерев'янілім	70
одерев'янілість	70
одерев'янілістю	70
односім'ядольна	70
односім'ядольне	70
односім'ядольний	70
односім'ядольним	70
односім'ядольними	70
односім'ядольних	70
односім'ядольного	70
односім'ядольному	70
односім'ядольною	70
односім'ядольної	70
односім'ядольну	70
односім'ядольні	70
односім'ядольній	70
односім'ядольнім	70
окам'яніла	70
окам'яніле	70
окам'янілий	70
окам'янілим	70
окам'янілими	70
окам'янілих	70
окам'янілого	70
окам'янілому	70
окам'янілості	70
окам'янілою	70
окам'янілої	70
окам'янілу	70
окам'янілі	70
окам'янілій	70
окам'янілім	70
окам'янілість	70
окам'янілістю	70
олов'яна	70
олов'яне	70
олов'яний	70
олов'яним	70
олов'яними	70
олов'яних	70
олов'яно	70
олов'яного	70
олов'яному	70
олов'яною	70
олов'яної	70
олов'яну	70
олов'яні	70
олов'яній	70
олов'янім	70
опам'ятанню	70
опам'ятання	70
опам'ятанням	70
опам'ятанні	70
опов'ю	70
опов'юсь	70
опов'юся	70
опов'ють	70
опов'ються	70
опов'є	70
опов'ємо	70
опов'ємось	70
опов'ємося	70
опов'єте	70
опов'єтесь	70
опов'єтеся	70
опов'ється	70
опов'єш	70
опов'єшся	70
остров'ян	70
остров'янам	70
остров'янами	70
остров'янах	70
остров'яни	70
остров'янин	70
остров'янина	70
остров'янине	70
остров'янинові	70
остров'янином	70
остров'янину	70
остров'янині	70
п'ю	70
п'юсь	70
п'юся	70
п'ють	70
п'ються	70
п'ючи	70
п'яв	70
п'явицею	70
п'явицю	70
п'явиця	70
п'явиці	70
п'явка	70
п'явкам	70
п'явками	70
п'явках	70
п'явки	70
п'явкова	70
п'явкове	70
п'явковий	70
п'явковим	70
п'явковими	70
п'явкових	70
п'явкового	70
п'явковому	70
п'явковою	70
п'явкової	70
п'явкову	70
п'явкові	70
п'явковій	70
п'явковім	70
п'явкою	70
п'явку	70
п'явок	70
п'явочка	70
п'явочкам	70
п'явочками	70
п'явочках	70
п'явочки	70
п'явочкою	70
п'явочку	70
п'явочок	70
п'явочці	70
п'явсь	70
п'явся	70
п'явушник	70
п'явушника	70
п'явушникові	70
п'явушником	70
п'явушнику	70
п'явці	70
п'ядак	70
п'ядака	70
п'ядакам	70
п'ядаками	70
п'ядаках	70
п'ядаки	70
п'ядакові	70
п'ядаком	70
п'ядаку	70
п'ядаків	70
п'яддю	70
п'ядич	70
п'ядича	70
п'ядичеві	70
п'ядичем	70
п'ядичу	70
п'ядичі	70
п'ядь	70
п'яді	70
п'яла	70
п'ялась	70
п'ялася	70
п'яли	70
п'ялись	70
п'ялися	70
п'яло	70
п'ялось	70
п'ялося	70
п'яльцям	70
п'яльцями	70
п'яльцях	70
п'яльці	70
п'яльців	70
п'яна	70
п'яне	70
п'яненна	70
п'яненне	70
п'яненний	70
п'яненним	70
п'яненними	70
п'яненних	70
п'яненного	70
п'яненному	70
п'яненною	70
п'яненної	70
п'яненну	70
п'яненні	70
п'яненній	70
п'яненнім	70
п'яненька	70
п'яненьке	70
п'яненький	70
п'яненьким	70
п'яненькими	70
п'яненьких	70
п'яненького	70
п'яненькому	70
п'яненькою	70
п'яненької	70
п'яненьку	70
п'яненькі	70
п'яненькій	70
п'яненькім	70
п'янив	70
п'яний	70
п'янила	70
п'янили	70
п'янило	70
п'яним	70
п'яними	70
п'янимо	70
п'яните	70
п'янити	70
п'янить	70
п'яних	70
п'яницею	70
п'яниць	70
п'яницю	70
п'яниця	70
п'яницям	70
п'яницями	70
п'яницях	70
п'яниці	70
п'яниченька	70
п'яниченьки	70
п'яниченькою	70
п'яниченьку	70
п'яниченьці	70
п'яничка	70
п'яничкам	70
п'яничками	70
п'яничках	70
п'янички	70
п'яничкою	70
п'яничку	70
п'яничок	70
п'яничці	70
п'яниш	70
п'янка	70
п'янке	70
п'янкий	70
п'янким	70
п'янкими	70
п'янких	70
п'янко	70
п'янкого	70
п'янкому	70
п'янкою	70
п'янкої	70
п'янку	70
п'янкувата	70
п'янкувате	70
п'янкуватий	70
п'янкуватим	70
п'янкуватими	70
п'янкуватих	70
п'янкуватого	70
п'янкуватому	70
п'янкуватою	70
п'янкуватої	70
п'янкувату	70
п'янкуваті	70
п'янкуватій	70
п'янкуватім	70
п'янкі	70
п'янкій	70
п'янкім	70
п'яно	70
п'яного	70
п'яному	70
п'яною	70
п'яної	70
п'янства	70
п'янство	70
п'янством	70
п'янству	70
п'янстві	70
п'яну	70
п'янувата	70
п'янувате	70
п'януватий	70
п'януватим	70
п'януватими	70
п'януватих	70
п'януватого	70
п'януватому	70
п'януватою	70
п'януватої	70
п'янувату	70
п'януваті	70
п'януватій	70
п'януватім	70
п'яню	70
п'янюг	70
п'янюга	70
п'янюгам	70
п'янюгами	70
п'янюгах	70
п'янюги	70
п'янюгою	70
п'янюгу	70
п'янюжка	70
п'янюжкам	70
п'янюжками	70
п'янюжках	70
п'янюжки	70
п'янюжкою	70
п'янюжку	70
п'янюжок	70
п'янюжці	70
п'янюзі	70
п'янюча	70
п'янюче	70
п'янючий	70
п'янючим	70
п'янючими	70
п'янючих	70
п'янючого	70
п'янючому	70
п'янючою	70
п'янючої	70
п'янючу	70
п'янючі	70
п'янючій	70
п'янючім	70
п'янять	70
п'яні	70
п'янів	70
п'яній	70
п'яніймо	70
п'янійте	70
п'яніла	70
п'яніли	70
п'яніло	70
п'янім	70
п'янісінька	70
п'янісіньке	70
п'янісінький	70
п'янісіньким	70
п'янісінькими	70
п'янісіньких	70
п'янісінького	70
п'янісінькому	70
п'янісінькою	70
п'янісінької	70
п'янісіньку	70
п'янісінькі	70
п'янісінькій	70
п'янісінькім	70
п'яніти	70
п'янішав	70
п'янішай	70
п'янішаймо	70
п'янішайте	70
п'янішала	70
п'янішали	70
п'янішало	70
п'янішати	70
п'янішатиме	70
п'янішатимемо	70
п'янішатимете	70
п'янішатимеш	70
п'янішатиму	70
п'янішатимуть	70
п'янішаю	70
п'янішають	70
п'янішає	70
п'янішаємо	70
п'янішаєте	70
п'янішаєш	70
п'янію	70
п'яніють	70
п'яніючи	70
п'яніє	70
п'яніємо	70
п'янієте	70
п'янієш	70
п'ясна	70
п'ясне	70
п'ясний	70
п'ясним	70
п'ясними	70
п'ясних	70
п'ясного	70
п'ясному	70
п'ясною	70
п'ясної	70
п'ясну	70
п'ясні	70
п'ясній	70
п'яснім	70
п'ястей	70
п'ясти	70
п'ястись	70
п'ястися	70
п'ястка	70
п'ясткова	70
п'ясткове	70
п'ястковий	70
п'ястковим	70
п'ястковими	70
п'ясткових	70
п'ясткового	70
п'ястковому	70
п'ястковою	70
п'ясткової	70
п'ясткову	70
п'ясткові	70
п'ястковій	70
п'ястковім	70
п'ястком	70
п'ястку	70
п'ясток	70
п'ясть	70
п'ястям	70
п'ястями	70
п'ястях	70
п'ясті	70
п'ят	70
п'ята	70
п'ятак	70
п'ятака	70
п'ятакам	70
п'ятаками	70
п'ятаках	70
п'ятаки	70
п'ятакові	70
п'ятаком	70
п'ятаку	70
п'ятаків	70
п'ятам	70
п'ятами	70
п'ятах	70
п'ятдесят	70
п'ятдесята	70
п'ятдесяте	70
п'ятдесяти	70
п'ятдесятий	70
п'ятдесятилітнього	70
п'ятдесятилітньому	70
п'ятдесятилітньою	70
п'ятдесятилітньої	70
п'ятдесятилітню	70
п'ятдесятилітня	70
п'ятдесятилітнє	70
п'ятдесятилітні	70
п'ятдесятилітній	70
п'ятдесятилітнім	70
п'ятдесятилітніми	70
п'ятдесятилітніх	70
п'ятдесятиліттю	70
п'ятдесятиліття	70
п'ятдесятиліттям	70
п'ятдесятилітті	70
п'ятдесятим	70
п'ятдесятими	70
п'ятдесятирічна	70
п'ятдесятирічне	70
п'ятдесятирічний	70
п'ятдесятирічним	70
п'ятдесятирічними	70
п'ятдесятирічних	70
п'ятдесятирічного	70
п'ятдесятирічному	70
п'ятдесятирічною	70
п'ятдесятирічної	70
п'ятдесятирічну	70
п'ятдесятирічні	70
п'ятдесятирічній	70
п'ятдесятирічнім	70
п'ятдесятиріччю	70
п'ятдесятиріччя	70
п'ятдесятиріччям	70
п'ятдесятиріччі	70
п'ятдесятих	70
п'ятдесятого	70
п'ятдесятому	70
п'ятдесятою	70
п'ятдесятої	70
п'ятдесяту	70
п'ятдесятьма	70
п'ятдесятьом	70
п'ятдесятьох	70
п'ятдесяті	70
п'ятдесятій	70
п'ятдесятім	70
п'яте	70
п'ятеро	70
п'яти	70
п'ятибальна	70
п'ятибальне	70
п'ятибальний	70
п'ятибальним	70
п'ятибальними	70
п'ятибальних	70
п'ятибального	70
п'ятибальному	70
п'ятибальності	70
п'ятибальною	70
п'ятибальної	70
п'ятибальну	70
п'ятибальні	70
п'ятибальній	70
п'ятибальнім	70
п'ятибальність	70
п'ятибальністю	70
п'ятиборець	70
п'ятиборств	70
п'ятиборства	70
п'ятиборствам	70
п'ятиборствами	70
п'ятиборствах	70
п'ятиборство	70
п'ятиборством	70
п'ятиборству	70
п'ятиборстві	70
п'ятиборцеві	70
п'ятиборцем	70
п'ятиборцю	70
п'ятиборця	70
п'ятиборцям	70
п'ятиборцями	70
п'ятиборцях	70
п'ятиборці	70
п'ятиборців	70
п'ятибічна	70
п'ятибічне	70
п'ятибічний	70
п'ятибічним	70
п'ятибічними	70
п'ятибічних	70
п'ятибічного	70
п'ятибічному	70
п'ятибічною	70
п'ятибічної	70
п'ятибічну	70
п'ятибічні	70
п'ятибічній	70
п'ятибічнім	70
п'ятивалентна	70
п'ятивалентне	70
п'ятивалентний	70
п'ятивалентним	70
п'ятивалентними	70
п'ятивалентних	70
п'ятивалентного	70
п'ятивалентному	70
п'ятивалентною	70
п'ятивалентної	70
п'ятивалентну	70
п'ятивалентні	70
п'ятивалентній	70
п'ятивалентнім	70
п'ятиверстова	70
п'ятиверстове	70
п'ятиверстовий	70
п'ятиверстовим	70
п'ятиверстовими	70
п'ятиверстових	70
п'ятиверстового	70
п'ятиверстовому	70
п'ятиверстовою	70
п'ятиверстової	70
п'ятиверстову	70
п'ятиверстові	70
п'ятиверстовій	70
п'ятиверстовім	70
п'ятивідсоткова	70
п'ятивідсоткове	70
п'ятивідсотковий	70
п'ятивідсотковим	70
п'ятивідсотковими	70
п'ятивідсоткових	70
п'ятивідсоткового	70
п'ятивідсотковому	70
п'ятивідсотковою	70
п'ятивідсоткової	70
п'ятивідсоткову	70
п'ятивідсоткові	70
п'ятивідсотковій	70
п'ятивідсотковім	70
п'ятивірш	70
п'ятивірша	70
п'ятивіршам	70
п'ятивіршами	70
п'ятивіршах	70
п'ятивіршеві	70
п'ятивіршем	70
п'ятивіршу	70
п'ятивірші	70
п'ятивіршів	70
п'ятиглава	70
п'ятиглаве	70
п'ятиглавий	70
п'ятиглавим	70
п'ятиглавими	70
п'ятиглавих	70
п'ятиглавого	70
п'ятиглавому	70
п'ятиглавою	70
п'ятиглавої	70
п'ятиглаву	70
п'ятиглаві	70
п'ятиглавій	70
п'ятиглавім	70
п'ятиголова	70
п'ятиголове	70
п'ятиголовий	70
п'ятиголовим	70
п'ятиголовими	70
п'ятиголових	70
п'ятиголового	70
п'ятиголовому	70
п'ятиголовою	70
п'ятиголової	70
п'ятиголову	70
п'ятиголові	70
п'ятиголовій	70
п'ятиголовім	70
п'ятигранна	70
п'ятигранне	70
п'ятигранний	70
п'ятигранник	70
п'ятигранника	70
п'ятигранникам	70
п'ятигранниками	70
п'ятигранниках	70
п'ятигранники	70
п'ятигранникові	70
п'ятигранником	70
п'ятиграннику	70
п'ятигранників	70
п'ятигранним	70
п'ятигранними	70
п'ятигранних	70
п'ятигранного	70
п'ятигранному	70
п'ятигранною	70
п'ятигранної	70
п'ятигранну	70
п'ятигранні	70
п'ятигранній	70
п'ятиграннім	70
п'ятиденка	70
п'ятиденкам	70
п'ятиденками	70
п'ятиденках	70
п'ятиденки	70
п'ятиденкою	70
п'ятиденку	70
п'ятиденна	70
п'ятиденне	70
п'ятиденний	70
п'ятиденним	70
п'ятиденними	70
п'ятиденних	70
п'ятиденного	70
п'ятиденному	70
п'ятиденною	70
п'ятиденної	70
п'ятиденну	70
п'ятиденні	70
п'ятиденній	70
п'ятиденнім	70
п'ятиденок	70
п'ятиденці	70
п'ятидесята	70
п'ятидесяте	70
п'ятидесятий	70
п'ятидесятикілограмова	70
п'ятидесятикілограмове	70
п'ятидесятикілограмовий	70
п'ятидесятикілограмовим	70
п'ятидесятикілограмовими	70
п'ятидесятикілограмових	70
п'ятидесятикілограмового	70
п'ятидесятикілограмовому	70
п'ятидесятикілограмовою	70
п'ятидесятикілограмової	70
п'ятидесятикілограмову	70
п'ятидесятикілограмові	70
п'ятидесятикілограмовій	70
п'ятидесятикілограмовім	70
п'ятидесятим	70
п'ятидесятими	70
п'ятидесятих	70
п'ятидесятник	70
п'ятидесятника	70
п'ятидесятникам	70
п'ятидесятниками	70
п'ятидесятниках	70
п'ятидесятники	70
п'ятидесятникові	70
п'ятидесятником	70
п'ятидесятнику	70
п'ятидесятників	70
п'ятидесятницею	70
п'ятидесятниць	70
п'ятидесятницю	70
п'ятидесятниця	70
п'ятидесятницям	70
п'ятидесятницями	70
п'ятидесятницях	70
п'ятидесятниці	70
п'ятидесятого	70
п'ятидесятому	70
п'ятидесятою	70
п'ятидесятої	70
п'ятидесяту	70
п'ятидесяті	70
п'ятидесятій	70
п'ятидесятім	70
п'ятидоларова	70
п'ятидоларове	70
п'ятидоларовий	70
п'ятидоларовим	70
п'ятидоларовими	70
п'ятидоларових	70
п'ятидоларового	70
п'ятидоларовому	70
п'ятидоларовою	70
п'ятидоларової	70
п'ятидоларову	70
п'ятидоларові	70
п'ятидоларовій	70
п'ятидоларовім	70
п'ятидольна	70
п'ятидольне	70
п'ятидольний	70
п'ятидольним	70
п'ятидольними	70
п'ятидольних	70
п'ятидольного	70
п'ятидольному	70
п'ятидольною	70
п'ятидольної	70
п'ятидольну	70
п'ятидольні	70
п'ятидольній	70
п'ятидольнім	70
п'ятидюймова	70
п'ятидюймове	70
п'ятидюймовий	70
п'ятидюймовим	70
п'ятидюймовими	70
п'ятидюймових	70
п'ятидюймового	70
п'ятидюймовому	70
п'ятидюймовою	70
п'ятидюймової	70
п'ятидюймову	70
п'ятидюймові	70
п'ятидюймовій	70
п'ятидюймовім	70
п'ятиелектродна	70
п'ятиелектродне	70
п'ятиелектродний	70
п'ятиелектродним	70
п'ятиелектродними	70
п'ятиелектродних	70
п'ятиелектродного	70
п'ятиелектродному	70
п'ятиелектродною	70
п'ятиелектродної	70
п'ятиелектродну	70
п'ятиелектродні	70
п'ятиелектродній	70
п'ятиелектроднім	70
п'ятизначна	70
п'ятизначне	70
п'ятизначний	70
п'ятизначним	70
п'ятизначними	70
п'ятизначних	70
п'ятизначного	70
п'ятизначному	70
п'ятизначності	70
п'ятизначною	70
п'ятизначної	70
п'ятизначну	70
п'ятизначні	70
п'ятизначній	70
п'ятизначнім	70
п'ятизначність	70
п'ятизначністю	70
п'ятизіркова	70
п'ятизіркове	70
п'ятизірковий	70
п'ятизірковим	70
п'ятизірковими	70
п'ятизіркових	70
п'ятизіркового	70
п'ятизірковому	70
п'ятизірковою	70
п'ятизіркової	70
п'ятизіркову	70
п'ятизіркові	70
п'ятизірковій	70
п'ятизірковім	70
п'ятий	70
п'ятикласник	70
п'ятикласника	70
п'ятикласникам	70
п'ятикласниками	70
п'ятикласниках	70
п'ятикласники	70
п'ятикласникові	70
п'ятикласником	70
п'ятикласнику	70
п'ятикласників	70
п'ятикласницею	70
п'ятикласниць	70
п'ятикласницю	70
п'ятикласниця	70
п'ятикласницям	70
п'ятикласницями	70
п'ятикласницях	70
п'ятикласниці	70
п'ятикнижжю	70
п'ятикнижжя	70
п'ятикнижжям	70
п'ятикнижжі	70
п'ятикратна	70
п'ятикратне	70
п'ятикратний	70
п'ятикратним	70
п'ятикратними	70
п'ятикратних	70
п'ятикратно	70
п'ятикратного	70
п'ятикратному	70
п'ятикратності	70
п'ятикратною	70
п'ятикратної	70
п'ятикратну	70
п'ятикратні	70
п'ятикратній	70
п'ятикратнім	70
п'ятикратність	70
п'ятикратністю	70
п'ятикутна	70
п'ятикутне	70
п'ятикутний	70
п'ятикутник	70
п'ятикутника	70
п'ятикутникам	70
п'ятикутниками	70
п'ятикутниках	70
п'ятикутники	70
п'ятикутникові	70
п'ятикутником	70
п'ятикутнику	70
п'ятикутників	70
п'ятикутним	70
п'ятикутними	70
п'ятикутних	70
п'ятикутного	70
п'ятикутному	70
п'ятикутною	70
п'ятикутної	70
п'ятикутну	70
п'ятикутні	70
п'ятикутній	70
п'ятикутнім	70
п'ятикінцева	70
п'ятикінцеве	70
п'ятикінцевий	70
п'ятикінцевим	70
п'ятикінцевими	70
п'ятикінцевих	70
п'ятикінцевого	70
п'ятикінцевому	70
п'ятикінцевою	70
п'ятикінцевої	70
п'ятикінцеву	70
п'ятикінцеві	70
п'ятикінцевій	70
п'ятикінцевім	70
п'ятилисник	70
п'ятилисника	70
п'ятилисникам	70
п'ятилисниками	70
п'ятилисниках	70
п'ятилисники	70
п'ятилисникові	70
п'ятилисником	70
п'ятилиснику	70
п'ятилисників	70
п'ятилітнього	70
п'ятилітньому	70
п'ятилітньою	70
п'ятилітньої	70
п'ятилітню	70
п'ятилітня	70
п'ятилітнє	70
п'ятилітні	70
п'ятилітній	70
п'ятилітнім	70
п'ятилітніми	70
п'ятилітніх	70
п'ятиліттю	70
п'ятиліття	70
п'ятиліттям	70
п'ятилітті	70
п'ятим	70
п'ятими	70
п'ятимісячна	70
п'ятимісячне	70
п'ятимісячний	70
п'ятимісячним	70
п'ятимісячними	70
п'ятимісячних	70
п'ятимісячного	70
п'ятимісячному	70
п'ятимісячною	70
п'ятимісячної	70
п'ятимісячну	70
п'ятимісячні	70
п'ятимісячній	70
п'ятимісячнім	70
п'ятипала	70
п'ятипале	70
п'ятипалий	70
п'ятипалим	70
п'ятипалими	70
п'ятипалих	70
п'ятипалого	70
п'ятипалому	70
п'ятипалості	70
п'ятипалою	70
п'ятипалої	70
п'ятипалу	70
п'ятипалі	70
п'ятипалій	70
п'ятипалім	70
п'ятипалість	70
п'ятипалістю	70
п'ятиповерхова	70
п'ятиповерхове	70
п'ятиповерховий	70
п'ятиповерховим	70
п'ятиповерховими	70
п'ятиповерхових	70
п'ятиповерхового	70
п'ятиповерховому	70
п'ятиповерховості	70
п'ятиповерховою	70
п'ятиповерхової	70
п'ятиповерхову	70
п'ятиповерхові	70
п'ятиповерховій	70
п'ятиповерховім	70
п'ятиповерховість	70
п'ятиповерховістю	70
п'ятиразова	70
п'ятиразове	70
п'ятиразовий	70
п'ятиразовим	70
п'ятиразовими	70
п'ятиразових	70
п'ятиразово	70
п'ятиразового	70
п'ятиразовому	70
п'ятиразовості	70
п'ятиразовою	70
п'ятиразової	70
п'ятиразову	70
п'ятиразові	70
п'ятиразовій	70
п'ятиразовім	70
п'ятиразовість	70
п'ятиразовістю	70
п'ятирічка	70
п'ятирічкам	70
п'ятирічками	70
п'ятирічках	70
п'ятирічки	70
п'ятирічкою	70
п'ятирічку	70
п'ятирічна	70
п'ятирічне	70
п'ятирічний	70
п'ятирічним	70
п'ятирічними	70
п'ятирічних	70
п'ятирічного	70
п'ятирічному	70
п'ятирічною	70
п'ятирічної	70
п'ятирічну	70
п'ятирічні	70
п'ятирічній	70
п'ятирічнім	70
п'ятирічок	70
п'ятирічці	70
п'ятиріччю	70
п'ятиріччя	70
п'ятиріччям	70
п'ятиріччі	70
п'ятисерійна	70
п'ятисерійне	70
п'ятисерійний	70
п'ятисерійним	70
п'ятисерійними	70
п'ятисерійних	70
п'ятисерійного	70
п'ятисерійному	70
п'ятисерійною	70
п'ятисерійної	70
п'ятисерійну	70
п'ятисерійні	70
п'ятисерійній	70
п'ятисерійнім	70
п'ятискладова	70
п'ятискладове	70
п'ятискладовий	70
п'ятискладовим	70
п'ятискладовими	70
п'ятискладових	70
п'ятискладового	70
п'ятискладовому	70
п'ятискладовості	70
п'ятискладовою	70
п'ятискладової	70
п'ятискладову	70
п'ятискладові	70
п'ятискладовій	70
п'ятискладовім	70
п'ятискладовість	70
п'ятискладовістю	70
п'ятисот	70
п'ятисотенна	70
п'ятисотенне	70
п'ятисотенний	70
п'ятисотенним	70
п'ятисотенними	70
п'ятисотенних	70
п'ятисотенного	70
п'ятисотенному	70
п'ятисотенною	70
п'ятисотенної	70
п'ятисотенну	70
п'ятисотенні	70
п'ятисотенній	70
п'ятисотеннім	70
п'ятистам	70
п'ятистах	70
п'ятистопна	70
п'ятистопне	70
п'ятистопний	70
п'ятистопним	70
п'ятистопними	70
п'ятистопних	70
п'ятистопного	70
п'ятистопному	70
п'ятистопності	70
п'ятистопною	70
п'ятистопної	70
п'ятистопну	70
п'ятистопні	70
п'ятистопній	70
п'ятистопнім	70
п'ятистопність	70
п'ятистопністю	70
п'ятиструнна	70
п'ятиструнне	70
п'ятиструнний	70
п'ятиструнним	70
п'ятиструнними	70
п'ятиструнних	70
п'ятиструнного	70
п'ятиструнному	70
п'ятиструнною	70
п'ятиструнної	70
п'ятиструнну	70
п'ятиструнні	70
п'ятиструнній	70
п'ятиструннім	70
п'ятистінник	70
п'ятистінника	70
п'ятистінникові	70
п'ятистінником	70
п'ятистіннику	70
п'ятитижнева	70
п'ятитижневе	70
п'ятитижневий	70
п'ятитижневим	70
п'ятитижневими	70
п'ятитижневих	70
п'ятитижневого	70
п'ятитижневому	70
п'ятитижневою	70
п'ятитижневої	70
п'ятитижневу	70
п'ятитижневі	70
п'ятитижневій	70
п'ятитижневім	70
п'ятитисячна	70
п'ятитисячне	70
п'ятитисячний	70
п'ятитисячним	70
п'ятитисячними	70
п'ятитисячних	70
п'ятитисячного	70
п'ятитисячному	70
п'ятитисячною	70
п'ятитисячної	70
п'ятитисячну	70
п'ятитисячні	70
п'ятитисячній	70
п'ятитисячнім	70
п'ятитонка	70
п'ятитонкам	70
п'ятитонками	70
п'ятитонках	70
п'ятитонки	70
п'ятитонкою	70
п'ятитонку	70
п'ятитонна	70
п'ятитонне	70
п'ятитонний	70
п'ятитонним	70
п'ятитонними	70
п'ятитонних	70
п'ятитонного	70
п'ятитонному	70
п'ятитонною	70
п'ятитонної	70
п'ятитонну	70
п'ятитонні	70
п'ятитонній	70
п'ятитоннім	70
п'ятитонок	70
п'ятитонці	70
п'ятифунтова	70
п'ятифунтове	70
п'ятифунтовий	70
п'ятифунтовим	70
п'ятифунтовими	70
п'ятифунтових	70
п'ятифунтового	70
п'ятифунтовому	70
п'ятифунтовою	70
п'ятифунтової	70
п'ятифунтову	70
п'ятифунтові	70
п'ятифунтовій	70
п'ятифунтовім	70
п'ятих	70
п'ятихатська	70
п'ятихатське	70
п'ятихатський	70
п'ятихатським	70
п'ятихатськими	70
п'ятихатських	70
п'ятихатського	70
п'ятихатському	70
п'ятихатською	70
п'ятихатської	70
п'ятихатську	70
п'ятихатські	70
п'ятихатській	70
п'ятихатськім	70
п'ятихвилинка	70
п'ятихвилинкам	70
п'ятихвилинками	70
п'ятихвилинках	70
п'ятихвилинки	70
п'ятихвилинкою	70
п'ятихвилинку	70
п'ятихвилинна	70
п'ятихвилинне	70
п'ятихвилинний	70
п'ятихвилинним	70
п'ятихвилинними	70
п'ятихвилинних	70
п'ятихвилинного	70
п'ятихвилинному	70
п'ятихвилинною	70
п'ятихвилинної	70
п'ятихвилинну	70
п'ятихвилинні	70
п'ятихвилинній	70
п'ятихвилиннім	70
п'ятихвилинок	70
п'ятихвилинці	70
п'ятка	70
п'яткам	70
п'ятками	70
п'ятках	70
п'ятки	70
п'яткова	70
п'яткове	70
п'ятковий	70
п'ятковим	70
п'ятковими	70
п'яткових	70
п'яткового	70
п'ятковому	70
п'ятковою	70
п'яткової	70
п'яткову	70
п'яткові	70
п'ятковій	70
п'ятковім	70
п'яткою	70
п'ятку	70
п'ятнадцята	70
п'ятнадцяте	70
п'ятнадцятеро	70
п'ятнадцяти	70
п'ятнадцятиденна	70
п'ятнадцятиденне	70
п'ятнадцятиденний	70
п'ятнадцятиденним	70
п'ятнадцятиденними	70
п'ятнадцятиденних	70
п'ятнадцятиденного	70
п'ятнадцятиденному	70
п'ятнадцятиденною	70
п'ятнадцятиденної	70
п'ятнадцятиденну	70
п'ятнадцятиденні	70
п'ятнадцятиденній	70
п'ятнадцятиденнім	70
п'ятнадцятий	70
п'ятнадцятим	70
п'ятнадцятими	70
п'ятнадцятирічна	70
п'ятнадцятирічне	70
п'ятнадцятирічний	70
п'ятнадцятирічним	70
п'ятнадцятирічними	70
п'ятнадцятирічних	70
п'ятнадцятирічного	70
п'ятнадцятирічному	70
п'ятнадцятирічною	70
п'ятнадцятирічної	70
п'ятнадцятирічну	70
п'ятнадцятирічні	70
п'ятнадцятирічній	70
п'ятнадцятирічнім	70
п'ятнадцятих	70
п'ятнадцятого	70
п'ятнадцятому	70
п'ятнадцятою	70
п'ятнадцятої	70
п'ятнадцяту	70
п'ятнадцять	70
п'ятнадцятьма	70
п'ятнадцятьом	70
п'ятнадцятьох	70
п'ятнадцяті	70
п'ятнадцятій	70
п'ятнадцятім	70
п'ятницею	70
п'ятниць	70
п'ятницю	70
п'ятниця	70
п'ятницям	70
п'ятницями	70
п'ятницях	70
п'ятниці	70
п'ятнична	70
п'ятничне	70
п'ятничний	70
п'ятничним	70
п'ятничними	70
п'ятничних	70
п'ятничного	70
п'ятничному	70
п'ятничною	70
п'ятничної	70
п'ятничну	70
п'ятничні	70
п'ятничній	70
п'ятничнім	70
п'ятого	70
п'яток	70
п'ятому	70
п'ятою	70
п'ятої	70
п'ятсот	70
п'яту	70
п'ятці	70
п'ять	70
п'ятьма	70
п'ятьмастами	70
п'ятьом	70
п'ятьох	70
п'яті	70
п'ятій	70
п'ятім	70
п'ятірень	70
п'ятірка	70
п'ятіркам	70
п'ятірками	70
п'ятірках	70
п'ятірки	70
п'ятірко	70
п'ятіркою	70
п'ятірку	70
п'ятірнею	70
п'ятірню	70
п'ятірня	70
п'ятірням	70
п'ятірнями	70
п'ятірнях	70
п'ятірні	70
п'ятірок	70
п'ятірочник	70
п'ятірочника	70
п'ятірочникам	70
п'ятірочниками	70
п'ятірочниках	70
п'ятірочники	70
п'ятірочникові	70
п'ятірочником	70
п'ятірочнику	70
п'ятірочників	70
п'ятірочницею	70
п'ятірочниць	70
п'ятірочницю	70
п'ятірочниця	70
п'ятірочницям	70
п'ятірочницями	70
п'ятірочницях	70
п'ятірочниці	70
п'ятірці	70
п'є	70
п'єдестал	70
п'єдесталам	70
п'єдесталами	70
п'єдесталах	70
п'єдестали	70
п'єдесталові	70
п'єдесталом	70
п'єдесталу	70
п'єдесталі	70
п'єдесталів	70
п'єзоелектрик	70
п'єзоелектрика	70
п'єзоелектрикам	70
п'єзоелектриками	70
п'єзоелектриках	70
п'єзоелектрики	70
п'єзоелектрикові	70
п'єзоелектриком	70
п'єзоелектрикою	70
п'єзоелектрику	70
п'єзоелектриків	70
п'єзоелектриці	70
п'єзоелектрична	70
п'єзоелектричне	70
п'єзоелектричний	70
п'єзоелектричним	70
п'єзоелектричними	70
п'єзоелектричних	70
п'єзоелектричного	70
п'єзоелектричному	70
п'єзоелектричною	70
п'єзоелектричної	70
п'єзоелектричну	70
п'єзоелектричні	70
п'єзоелектричній	70
п'єзоелектричнім	70
п'єзоефект	70
п'єзоефектам	70
п'єзоефектами	70
п'єзоефектах	70
п'єзоефекти	70
п'єзоефектові	70
п'єзоефектом	70
п'єзоефекту	70
п'єзоефекті	70
п'єзоефектів	70
п'єзокварц	70
п'єзокварцам	70
п'єзокварцами	70
п'єзокварцах	70
п'єзокварци	70
п'єзокварцові	70
п'єзокварцом	70
п'єзокварцу	70
п'єзокварці	70
п'єзокварців	70
п'єзометр	70
п'єзометра	70
п'єзометрам	70
п'єзометрами	70
п'єзометрах	70
п'єзометри	70
п'єзометрові	70
п'єзометром	70
п'єзометру	70
п'єзометрі	70
п'єзометрів	70
п'ємо	70
п'ємось	70
п'ємося	70
п'єс	70
п'єса	70
п'єсам	70
п'єсами	70
п'єсах	70
п'єси	70
п'єска	70
п'єскам	70
п'єсками	70
п'єсках	70
п'єски	70
п'єскою	70
п'єску	70
п'єсок	70
п'єсою	70
п'єсу	70
п'єсці	70
п'єсі	70
п'єте	70
п'єтесь	70
п'єтеся	70
п'ється	70
п'єш	70
п'єшся	70
пам'ятав	70
пам'ятавсь	70
пам'ятався	70
пам'ятай	70
пам'ятаймо	70
пам'ятаймось	70
пам'ятаймося	70
пам'ятайсь	70
пам'ятайся	70
пам'ятайте	70
пам'ятайтесь	70
пам'ятайтеся	70
пам'ятала	70
пам'яталась	70
пам'яталася	70
пам'ятали	70
пам'ятались	70
пам'яталися	70
пам'ятало	70
пам'яталось	70
пам'яталося	70
пам'ятанню	70
пам'ятання	70
пам'ятанням	70
пам'ятанні	70
пам'ятати	70
пам'ятатиме	70
пам'ятатимемо	70
пам'ятатимемось	70
пам'ятатимемося	70
пам'ятатимете	70
пам'ятатиметесь	70
пам'ятатиметеся	70
пам'ятатиметься	70
пам'ятатимеш	70
пам'ятатимешся	70
пам'ятатиму	70
пам'ятатимусь	70
пам'ятатимуся	70
пам'ятатимуть	70
пам'ятатимуться	70
пам'ятатись	70
пам'ятатися	70
пам'ятаю	70
пам'ятаюсь	70
пам'ятаюся	70
пам'ятають	70
пам'ятаються	70
пам'ятаючи	70
пам'ятає	70
пам'ятаємо	70
пам'ятаємось	70
пам'ятаємося	70
пам'ятаєте	70
пам'ятаєтесь	70
пам'ятаєтеся	70
пам'ятається	70
пам'ятаєш	70
пам'ятаєшся	70
пам'ятка	70
пам'яткам	70
пам'ятками	70
пам'ятках	70
пам'ятке	70
пам'ятки	70
пам'яткий	70
пам'ятким	70
пам'яткими	70
пам'ятких	70
пам'яткова	70
пам'яткове	70
пам'ятковий	70
пам'ятковим	70
пам'ятковими	70
пам'яткових	70
пам'яткового	70
пам'ятковому	70
пам'ятковою	70
пам'яткової	70
пам'яткову	70
пам'яткові	70
пам'ятковій	70
пам'ятковім	70
пам'яткого	70
пам'яткому	70
пам'яткою	70
пам'яткої	70
пам'ятку	70
пам'яткі	70
пам'яткій	70
пам'яткім	70
пам'ятлива	70
пам'ятливе	70
пам'ятливий	70
пам'ятливим	70
пам'ятливими	70
пам'ятливих	70
пам'ятливо	70
пам'ятливого	70
пам'ятливому	70
пам'ятливостей	70
пам'ятливостям	70
пам'ятливостями	70
пам'ятливостях	70
пам'ятливості	70
пам'ятливою	70
пам'ятливої	70
пам'ятливу	70
пам'ятливі	70
пам'ятливій	70
пам'ятливім	70
пам'ятливість	70
пам'ятливістю	70
пам'ятна	70
пам'ятне	70
пам'ятний	70
пам'ятник	70
пам'ятника	70
пам'ятникам	70
пам'ятниками	70
пам'ятниках	70
пам'ятники	70
пам'ятникові	70
пам'ятником	70
пам'ятнику	70
пам'ятників	70
пам'ятним	70
пам'ятними	70
пам'ятних	70
пам'ятно	70
пам'ятного	70
пам'ятному	70
пам'ятною	70
пам'ятної	70
пам'ятну	70
пам'ятні	70
пам'ятній	70
пам'ятнім	70
пам'яток	70
пам'яттю	70
пам'ятці	70
пам'ять	70
пам'яті	70
пап'яменто	70
паруб'ю	70
паруб'я	70
паруб'яга	70
паруб'яги	70
паруб'ягою	70
паруб'ягу	70
паруб'язі	70
паруб'ям	70
паруб'яча	70
паруб'яче	70
паруб'ячий	70
паруб'ячим	70
паруб'ячими	70
паруб'ячих	70
паруб'ячого	70
паруб'ячому	70
паруб'ячою	70
паруб'ячої	70
паруб'ячу	70
паруб'ячі	70
паруб'ячій	70
паруб'ячім	70
паруб'ї	70
переб'ю	70
переб'юсь	70
переб'юся	70
переб'ють	70
переб'ються	70
переб'є	70
переб'ємо	70
переб'ємось	70
переб'ємося	70
переб'єте	70
переб'єтесь	70
переб'єтеся	70
переб'ється	70
переб'єш	70
переб'єшся	70
перев'яже	70
перев'яжемо	70
перев'яжемось	70
перев'яжемося	70
перев'яжете	70
перев'яжетесь	70
перев'яжетеся	70
перев'яжеться	70
перев'яжеш	70
перев'яжешся	70
перев'яжи	70
перев'яжись	70
перев'яжися	70
перев'яжу	70
перев'яжусь	70
перев'яжуся	70
перев'яжуть	70
перев'яжуться	70
перев'яжімо	70
перев'яжімось	70
перев'яжімося	70
перев'яжіть	70
перев'яжіться	70
перев'яз	70
перев'язав	70
перев'язавсь	70
перев'язався	70
перев'язала	70
перев'язалась	70
перев'язалася	70
перев'язали	70
перев'язались	70
перев'язалися	70
перев'язало	70
перев'язалось	70
перев'язалося	70
перев'язана	70
перев'язане	70
перев'язаний	70
перев'язаним	70
перев'язаними	70
перев'язаних	70
перев'язано	70
перев'язаного	70
перев'язаному	70
перев'язаною	70
перев'язаної	70
перев'язану	70
перев'язані	70
перев'язаній	70
перев'язанім	70
перев'язати	70
перев'язатись	70
перев'язатися	70
перев'яззю	70
перев'язка	70
перев'язкам	70
перев'язками	70
перев'язках	70
перев'язки	70
перев'язкою	70
перев'язку	70
перев'язна	70
перев'язне	70
перев'язний	70
перев'язним	70
перев'язними	70
перев'язних	70
перев'язного	70
перев'язному	70
перев'язною	70
перев'язної	70
перев'язну	70
перев'язні	70
перев'язній	70
перев'язнім	70
перев'язові	70
перев'язок	70
перев'язом	70
перев'язу	70
перев'язував	70
перев'язувавсь	70
перев'язувався	70
перев'язувала	70
перев'язувалась	70
перев'язувалася	70
перев'язували	70
перев'язувались	70
перев'язувалися	70
перев'язувало	70
перев'язувалось	70
перев'язувалося	70
перев'язувальна	70
перев'язувальне	70
перев'язувальний	70
перев'язувальним	70
перев'язувальними	70
перев'язувальних	70
перев'язувального	70
перев'язувальному	70
перев'язувальною	70
перев'язувальної	70
перев'язувальну	70
перев'язувальні	70
перев'язувальній	70
перев'язувальнім	70
перев'язуванню	70
перев'язування	70
перев'язуванням	70
перев'язуваннями	70
перев'язуваннях	70
перев'язуванні	70
перев'язувань	70
перев'язувати	70
перев'язуватись	70
перев'язуватися	70
перев'язуй	70
перев'язуймо	70
перев'язуймось	70
перев'язуймося	70
перев'язуйсь	70
перев'язуйся	70
перев'язуйте	70
перев'язуйтесь	70
перев'язуйтеся	70
перев'язую	70
перев'язуюсь	70
перев'язуюся	70
перев'язують	70
перев'язуються	70
перев'язуючи	70
перев'язує	70
перев'язуємо	70
перев'язуємось	70
перев'язуємося	70
перев'язуєте	70
перев'язуєтесь	70
перев'язуєтеся	70
перев'язується	70
перев'язуєш	70
перев'язуєшся	70
перев'язці	70
перев'язь	70
перев'язі	70
передгір'ю	70
передгір'я	70
передгір'ям	70
передгір'ями	70
передгір'ях	70
передгір'ї	70
передгір'їв	70
перез'єднав	70
перез'єднавсь	70
перез'єднався	70
перез'єднай	70
перез'єднаймо	70
перез'єднаймось	70
перез'єднаймося	70
перез'єднайсь	70
перез'єднайся	70
перез'єднайте	70
перез'єднайтесь	70
перез'єднайтеся	70
перез'єднала	70
перез'єдналась	70
перез'єдналася	70
перез'єднали	70
перез'єднались	70
перез'єдналися	70
перез'єднало	70
перез'єдналось	70
перез'єдналося	70
перез'єднати	70
перез'єднатись	70
перез'єднатися	70
перез'єднаю	70
перез'єднаюсь	70
перез'єднаюся	70
перез'єднають	70
перез'єднаються	70
перез'єднає	70
перез'єднаємо	70
перез'єднаємось	70
перез'єднаємося	70
перез'єднаєте	70
перез'єднаєтесь	70
перез'єднаєтеся	70
перез'єднається	70
перез'єднаєш	70
перез'єднаєшся	70
перез'єднував	70
перез'єднувавсь	70
перез'єднувався	70
перез'єднувала	70
перез'єднувалась	70
перез'єднувалася	70
перез'єднували	70
перез'єднувались	70
перез'єднувалися	70
перез'єднувало	70
перез'єднувалось	70
перез'єднувалося	70
перез'єднувати	70
перез'єднуватись	70
перез'єднуватися	70
перез'єднуй	70
перез'єднуймо	70
перез'єднуймось	70
перез'єднуймося	70
перез'єднуйсь	70
перез'єднуйся	70
перез'єднуйте	70
перез'єднуйтесь	70
перез'єднуйтеся	70
перез'єдную	70
перез'єднуюсь	70
перез'єднуюся	70
перез'єднують	70
перез'єднуються	70
перез'єднує	70
перез'єднуємо	70
перез'єднуємось	70
перез'єднуємося	70
перез'єднуєте	70
перез'єднуєтесь	70
перез'єднуєтеся	70
перез'єднується	70
перез'єднуєш	70
перез'єднуєшся	70
перем'ята	70
перем'яте	70
перем'ятий	70
перем'ятим	70
перем'ятими	70
перем'ятих	70
перем'ятого	70
перем'ятому	70
перем'ятою	70
перем'ятої	70
перем'яту	70
перем'яті	70
перем'ятій	70
перем'ятім	70
перемир'ю	70
перемир'я	70
перемир'ям	70
перемир'ями	70
перемир'ях	70
перемир'ї	70
перемир'їв	70
переп'ю	70
переп'юсь	70
переп'юся	70
переп'ють	70
переп'ються	70
переп'є	70
переп'ємо	70
переп'ємось	70
переп'ємося	70
переп'єте	70
переп'єтесь	70
переп'єтеся	70
переп'ється	70
переп'єш	70
переп'єшся	70
перм'як	70
перм'яка	70
перм'якам	70
перм'яками	70
перм'яках	70
перм'яки	70
перм'якові	70
перм'яком	70
перм'яку	70
перм'яків	70
перм'яцька	70
перм'яцьке	70
перм'яцький	70
перм'яцьким	70
перм'яцькими	70
перм'яцьких	70
перм'яцького	70
перм'яцькому	70
перм'яцькою	70
перм'яцької	70
перм'яцьку	70
перм'яцькі	70
перм'яцькій	70
перм'яцькім	70
плем'я	70
плем'ям	70
плем'ят	70
плем'ята	70
плем'ятам	70
плем'ятами	70
плем'ятах	70
плем'яти	70
плем'яті	70
плоскогір'ю	70
плоскогір'я	70
плоскогір'ям	70
плоскогір'ями	70
плоскогір'ях	70
плоскогір'ї	70
плоскогір'їв	70
поб'ю	70
поб'юсь	70
поб'юся	70
поб'ють	70
поб'ються	70
поб'є	70
поб'ємо	70
поб'ємось	70
поб'ємося	70
поб'єте	70
поб'єтесь	70
поб'єтеся	70
поб'ється	70
поб'єш	70
поб'єшся	70
пов'ю	70
пов'юсь	70
пов'юся	70
пов'ють	70
пов'ються	70
пов'ючать	70
пов'ючив	70
пов'ючила	70
пов'ючили	70
пов'ючило	70
пов'ючимо	70
пов'ючите	70
пов'ючити	70
пов'ючить	70
пов'ючиш	70
пов'ючу	70
пов'яже	70
пов'яжемо	70
пов'яжемось	70
пов'яжемося	70
пов'яжете	70
пов'яжетесь	70
пов'яжетеся	70
пов'яжеться	70
пов'яжеш	70
пов'яжешся	70
пов'яжи	70
пов'яжись	70
пов'яжися	70
пов'яжу	70
пов'яжусь	70
пов'яжуся	70
пов'яжуть	70
пов'яжуться	70
пов'яжімо	70
пов'яжімось	70
пов'яжімося	70
пов'яжіть	70
пов'яжіться	70
пов'язав	70
пов'язавсь	70
пов'язався	70
пов'язавши	70
пов'язала	70
пов'язалась	70
пов'язалася	70
пов'язали	70
пов'язались	70
пов'язалися	70
пов'язало	70
пов'язалось	70
пов'язалося	70
пов'язана	70
пов'язане	70
пов'язаний	70
пов'язаним	70
пов'язаними	70
пов'язаних	70
пов'язанню	70
пов'язання	70
пов'язанням	70
пов'язанні	70
пов'язано	70
пов'язаного	70
пов'язаному	70
пов'язаності	70
пов'язаною	70
пов'язаної	70
пов'язану	70
пов'язані	70
пов'язаній	70
пов'язанім	70
пов'язаність	70
пов'язаністю	70
пов'язати	70
пов'язатись	70
пов'язатися	70
пов'язка	70
пов'язкам	70
пов'язками	70
пов'язках	70
пов'язки	70
пов'язкою	70
пов'язку	70
пов'язок	70
пов'язував	70
пов'язувавсь	70
пов'язувався	70
пов'язувала	70
пов'язувалась	70
пов'язувалася	70
пов'язували	70
пов'язувались	70
пов'язувалися	70
пов'язувало	70
пов'язувалось	70
пов'язувалося	70
пов'язуванню	70
пов'язування	70
пов'язуванням	70
пов'язуванні	70
пов'язувати	70
пов'язуватиме	70
пов'язуватимемо	70
пов'язуватимемось	70
пов'язуватимемося	70
пов'язуватимете	70
пов'язуватиметесь	70
пов'язуватиметеся	70
пов'язуватиметься	70
пов'язуватимеш	70
пов'язуватимешся	70
пов'язуватиму	70
пов'язуватимусь	70
пов'язуватимуся	70
пов'язуватимуть	70
пов'язуватимуться	70
пов'язуватись	70
пов'язуватися	70
пов'язуй	70
пов'язуймо	70
пов'язуймось	70
пов'язуймося	70
пов'язуйсь	70
пов'язуйся	70
пов'язуйте	70
пов'язуйтесь	70
пов'язуйтеся	70
пов'язую	70
пов'язуюсь	70
пов'язуюся	70
пов'язують	70
пов'язуються	70
пов'язуючи	70
пов'язує	70
пов'язуємо	70
пов'язуємось	70
пов'язуємося	70
пов'язуєте	70
пов'язуєтесь	70
пов'язуєтеся	70
пов'язується	70
пов'язуєш	70
пов'язуєшся	70
пов'язці	70
пов'яла	70
пов'яле	70
пов'ялив	70
пов'яливсь	70
пов'ялився	70
пов'ялий	70
пов'ялила	70
пов'ялилась	70
пов'ялилася	70
пов'ялили	70
пов'ялились	70
пов'ялилися	70
пов'ялило	70
пов'ялилось	70
пов'ялилося	70
пов'ялим	70
пов'ялими	70
пов'ялимо	70
пов'ялимось	70
пов'ялимося	70
пов'ялите	70
пов'ялитесь	70
пов'ялитеся	70
пов'ялити	70
пов'ялитись	70
пов'ялитися	70
пов'ялить	70
пов'ялиться	70
пов'ялих	70
пов'ялиш	70
пов'ялишся	70
пов'ялого	70
пов'ялому	70
пов'ялою	70
пов'ялої	70
пов'ялу	70
пов'ялю	70
пов'ялюсь	70
пов'ялюся	70
пов'ялять	70
пов'яляться	70
пов'ялі	70
пов'ялій	70
пов'ялім	70
пов'яне	70
пов'янемо	70
пов'янете	70
пов'янеш	70
пов'яну	70
пов'янув	70
пов'янула	70
пов'янули	70
пов'януло	70
пов'янути	70
пов'януть	70
пов'янь	70
пов'яньмо	70
пов'яньте	70
пов'є	70
пов'ємо	70
пов'ємось	70
пов'ємося	70
пов'єте	70
пов'єтесь	70
пов'єтеся	70
пов'ється	70
пов'єш	70
пов'єшся	70
пов'їдавсь	70
пов'їдався	70
пов'їдаймось	70
пов'їдаймося	70
пов'їдайсь	70
пов'їдайся	70
пов'їдайтесь	70
пов'їдайтеся	70
пов'їдалась	70
пов'їдалася	70
пов'їдались	70
пов'їдалися	70
пов'їдалось	70
пов'їдалося	70
пов'їдатись	70
пов'їдатися	70
пов'їдаюсь	70
пов'їдаюся	70
пов'їдаються	70
пов'їдаємось	70
пов'їдаємося	70
пов'їдаєтесь	70
пов'їдаєтеся	70
пов'їдається	70
пов'їдаєшся	70
повив'язував	70
повив'язувала	70
повив'язували	70
повив'язувало	70
повив'язувати	70
повив'язуй	70
повив'язуймо	70
повив'язуйте	70
повив'язую	70
повив'язують	70
повив'язує	70
повив'язуємо	70
повив'язуєте	70
повив'язуєш	70
повнокров'ю	70
повнокров'я	70
повнокров'ям	70
повнокров'ями	70
повнокров'ях	70
повнокров'ї	70
повнокров'їв	70
повід'їдав	70
повід'їдай	70
повід'їдаймо	70
повід'їдайте	70
повід'їдала	70
повід'їдали	70
повід'їдало	70
повід'їдати	70
повід'їдаю	70
повід'їдають	70
повід'їдає	70
повід'їдаємо	70
повід'їдаєте	70
повід'їдаєш	70
повір'ю	70
повір'я	70
повір'ям	70
повір'ї	70
поголів'ю	70
поголів'я	70
поголів'ям	70
поголів'ями	70
поголів'ях	70
поголів'ї	70
поголів'їв	70
подвір'ю	70
подвір'я	70
подвір'ям	70
подвір'ями	70
подвір'ях	70
подвір'ї	70
подвір'їв	70
поз'їдав	70
поз'їдай	70
поз'їдаймо	70
поз'їдайте	70
поз'їдала	70
поз'їдали	70
поз'їдало	70
поз'їдати	70
поз'їдаю	70
поз'їдають	70
поз'їдає	70
поз'їдаємо	70
поз'їдаєте	70
поз'їдаєш	70
позав'язував	70
позав'язувавсь	70
позав'язувався	70
позав'язувала	70
позав'язувалась	70
позав'язувалася	70
позав'язували	70
позав'язувались	70
позав'язувалися	70
позав'язувало	70
позав'язувалось	70
позав'язувалося	70
позав'язувати	70
позав'язуватись	70
позав'язуватися	70
позав'язуй	70
позав'язуймо	70
позав'язуймось	70
позав'язуймося	70
позав'язуйсь	70
позав'язуйся	70
позав'язуйте	70
позав'язуйтесь	70
позав'язуйтеся	70
позав'язую	70
позав'язуюсь	70
позав'язуюся	70
позав'язують	70
позав'язуються	70
позав'язує	70
позав'язуємо	70
позав'язуємось	70
позав'язуємося	70
позав'язуєте	70
позав'язуєтесь	70
позав'язуєтеся	70
позав'язується	70
позав'язуєш	70
позав'язуєшся	70
позв'язував	70
позв'язувавсь	70
позв'язувався	70
позв'язувала	70
позв'язувалась	70
позв'язувалася	70
позв'язували	70
позв'язувались	70
позв'язувалися	70
позв'язувало	70
позв'язувалось	70
позв'язувалося	70
позв'язувана	70
позв'язуване	70
позв'язуваний	70
позв'язуваним	70
позв'язуваними	70
позв'язуваних	70
позв'язуваного	70
позв'язуваному	70
позв'язуваною	70
позв'язуваної	70
позв'язувану	70
позв'язувані	70
позв'язуваній	70
позв'язуванім	70
позв'язувати	70
позв'язуватись	70
позв'язуватися	70
позв'язуй	70
позв'язуймо	70
позв'язуймось	70
позв'язуймося	70
позв'язуйсь	70
позв'язуйся	70
позв'язуйте	70
позв'язуйтесь	70
позв'язуйтеся	70
позв'язую	70
позв'язуюсь	70
позв'язуюся	70
позв'язують	70
позв'язуються	70
позв'язує	70
позв'язуємо	70
позв'язуємось	70
позв'язуємося	70
позв'язуєте	70
позв'язуєтесь	70
позв'язуєтеся	70
позв'язується	70
позв'язуєш	70
позв'язуєшся	70
покам'янів	70
покам'яній	70
покам'яніймо	70
покам'янійте	70
покам'яніла	70
покам'яніле	70
покам'яніли	70
покам'янілий	70
покам'янілим	70
покам'янілими	70
покам'янілих	70
покам'яніло	70
покам'янілого	70
покам'янілому	70
покам'янілою	70
покам'янілої	70
покам'янілу	70
покам'янілі	70
покам'янілій	70
покам'янілім	70
покам'яніти	70
покам'янію	70
покам'яніють	70
покам'яніє	70
покам'яніємо	70
покам'янієте	70
покам'янієш	70
покип'ятив	70
покип'ятила	70
покип'ятили	70
покип'ятило	70
покип'ятимо	70
покип'ятите	70
покип'ятити	70
покип'ятить	70
покип'ятиш	70
покип'ятять	70
покип'ячу	70
полив'яна	70
полив'яне	70
полив'яний	70
полив'яник	70
полив'яника	70
полив'яникам	70
полив'яниками	70
полив'яниках	70
полив'яники	70
полив'яникові	70
полив'яником	70
полив'янику	70
полив'яників	70
полив'яним	70
полив'яними	70
полив'яних	70
полив'яного	70
полив'яному	70
полив'яною	70
полив'яної	70
полив'яну	70
полив'яні	70
полив'яній	70
полив'янім	70
полов'яна	70
полов'яне	70
полов'яний	70
полов'яник	70
полов'яника	70
полов'яникові	70
полов'яником	70
полов'янику	70
полов'яним	70
полов'яними	70
полов'яних	70
полов'яного	70
полов'яному	70
полов'яною	70
полов'яної	70
полов'яну	70
полов'яні	70
полов'яній	70
полов'янім	70
полум'ю	70
полум'я	70
полум'ям	70
полум'ями	70
полум'яна	70
полум'яне	70
полум'яний	70
полум'яним	70
полум'яними	70
полум'яниста	70
полум'янисте	70
полум'янистий	70
полум'янистим	70
полум'янистими	70
полум'янистих	70
полум'янистого	70
полум'янистому	70
полум'янистості	70
полум'янистою	70
полум'янистої	70
полум'янисту	70
полум'янисті	70
полум'янистій	70
полум'янистім	70
полум'янистість	70
полум'янистістю	70
полум'яних	70
полум'яно	70
полум'яного	70
полум'яному	70
полум'яності	70
полум'яною	70
полум'яної	70
полум'яну	70
полум'яні	70
полум'янів	70
полум'яній	70
полум'яніймо	70
полум'янійте	70
полум'яніла	70
полум'яніли	70
полум'яніло	70
полум'янім	70
полум'яність	70
полум'яністю	70
полум'яніти	70
полум'янію	70
полум'яніють	70
полум'яніючи	70
полум'яніє	70
полум'яніємо	70
полум'янієте	70
полум'янієш	70
полум'ях	70
полум'ї	70
полум'їв	70
політв'язень	70
політв'язневі	70
політв'язнем	70
політв'язню	70
політв'язня	70
політв'язням	70
політв'язнями	70
політв'язнях	70
політв'язні	70
політв'язнів	70
пом'яв	70
пом'явсь	70
пом'явся	70
пом'якшав	70
пом'якшай	70
пом'якшаймо	70
пом'якшайте	70
пом'якшала	70
пом'якшали	70
пом'якшало	70
пом'якшати	70
пом'якшать	70
пом'якшаться	70
пом'якшаю	70
пом'якшають	70
пом'якшає	70
пом'якшаємо	70
пом'якшаєте	70
пом'якшаєш	70
пом'якшена	70
пом'якшене	70
пом'якшений	70
пом'якшеним	70
пом'якшеними	70
пом'якшених	70
пом'якшенню	70
пом'якшення	70
пом'якшенням	70
пом'якшеннями	70
пом'якшеннях	70
пом'якшенні	70
пом'якшено	70
пом'якшеного	70
пом'якшеному	70
пом'якшеності	70
пом'якшеною	70
пом'якшеної	70
пом'якшену	70
пом'якшень	70
пом'якшені	70
пом'якшеній	70
пом'якшенім	70
пом'якшеність	70
пом'якшеністю	70
пом'якшив	70
пом'якшивсь	70
пом'якшився	70
пом'якшила	70
пом'якшилась	70
пом'якшилася	70
пом'якшили	70
пом'якшились	70
пом'якшилися	70
пом'якшило	70
пом'якшилось	70
пом'якшилося	70
пом'якшимо	70
пом'якшимось	70
пом'якшимося	70
пом'якшите	70
пом'якшитесь	70
пом'якшитеся	70
пом'якшити	70
пом'якшитись	70
пом'якшитися	70
пом'якшить	70
пом'якшиться	70
пом'якшиш	70
пом'якшишся	70
пом'якшу	70
пом'якшував	70
пом'якшувавсь	70
пом'якшувався	70
пом'якшувала	70
пом'якшувалась	70
пом'якшувалася	70
пом'якшували	70
пом'якшувались	70
пом'якшувалися	70
пом'якшувало	70
пом'якшувалось	70
пом'якшувалося	70
пом'якшувальна	70
пом'якшувальне	70
пом'якшувальний	70
пом'якшувальним	70
пом'якшувальними	70
пом'якшувальних	70
пом'якшувального	70
пом'якшувальному	70
пом'якшувальною	70
пом'якшувальної	70
пом'якшувальну	70
пом'якшувальні	70
пом'якшувальній	70
пом'якшувальнім	70
пом'якшуванню	70
пом'якшування	70
пом'якшуванням	70
пом'якшуванні	70
пом'якшувати	70
пом'якшуватись	70
пом'якшуватися	70
пом'якшувач	70
пом'якшувача	70
пом'якшувачам	70
пом'якшувачами	70
пом'якшувачах	70
пом'якшувачеві	70
пом'якшувачем	70
пом'якшувачу	70
пом'якшувачі	70
пом'якшувачів	70
пом'якшуй	70
пом'якшуймо	70
пом'якшуймось	70
пом'якшуймося	70
пом'якшуйсь	70
пом'якшуйся	70
пом'якшуйте	70
пом'якшуйтесь	70
пом'якшуйтеся	70
пом'якшусь	70
пом'якшуся	70
пом'якшую	70
пом'якшуюсь	70
пом'якшуюся	70
пом'якшують	70
пом'якшуються	70
пом'якшує	70
пом'якшуємо	70
пом'якшуємось	70
пом'якшуємося	70
пом'якшуєте	70
пом'якшуєтесь	70
пом'якшуєтеся	70
пом'якшується	70
пом'якшуєш	70
пом'якшуєшся	70
пом'яла	70
пом'ялась	70
пом'ялася	70
пом'яли	70
пом'ялись	70
пом'ялися	70
пом'яло	70
пом'ялось	70
пом'ялося	70
пом'яне	70
пом'янемо	70
пом'янете	70
пом'янеш	70
пом'яну	70
пом'янув	70
пом'янула	70
пом'янули	70
пом'януло	70
пом'янута	70
пом'януте	70
пом'янути	70
пом'янутий	70
пом'янутим	70
пом'янутими	70
пом'янутих	70
пом'янутого	70
пом'янутому	70
пом'янутою	70
пом'янутої	70
пом'януту	70
пом'януть	70
пом'януті	70
пом'янутій	70
пом'янутім	70
пом'янь	70
пом'яньмо	70
пом'яньте	70
пом'ята	70
пом'яте	70
пом'яти	70
пом'ятий	70
пом'ятим	70
пом'ятими	70
пом'ятись	70
пом'ятися	70
пом'ятих	70
пом'ято	70
пом'ятого	70
пом'ятому	70
пом'ятою	70
пом'ятої	70
пом'яту	70
пом'яті	70
пом'ятій	70
пом'ятім	70
помор'ю	70
помор'я	70
помор'ям	70
помор'ями	70
помор'ях	70
помор'ї	70
помор'їв	70
понав'язував	70
понав'язувала	70
понав'язували	70
понав'язувало	70
понав'язувана	70
понав'язуване	70
понав'язуваний	70
понав'язуваним	70
понав'язуваними	70
понав'язуваних	70
понав'язуваного	70
понав'язуваному	70
понав'язуваною	70
понав'язуваної	70
понав'язувану	70
понав'язувані	70
понав'язуваній	70
понав'язуванім	70
понав'язувати	70
понав'язуй	70
понав'язуймо	70
понав'язуйте	70
понав'язую	70
понав'язують	70
понав'язує	70
понав'язуємо	70
понав'язуєте	70
понав'язуєш	70
понад'їдав	70
понад'їдай	70
понад'їдаймо	70
понад'їдайте	70
понад'їдала	70
понад'їдали	70
понад'їдало	70
понад'їдати	70
понад'їдаю	70
понад'їдають	70
понад'їдає	70
понад'їдаємо	70
понад'їдаєте	70
понад'їдаєш	70
пооб'їжджав	70
пооб'їжджай	70
пооб'їжджаймо	70
пооб'їжджайте	70
пооб'їжджала	70
пооб'їжджали	70
пооб'їжджало	70
пооб'їжджати	70
пооб'їжджаю	70
пооб'їжджають	70
пооб'їжджає	70
пооб'їжджаємо	70
пооб'їжджаєте	70
пооб'їжджаєш	70
поп'ю	70
поп'ють	70
поп'янів	70
поп'яній	70
поп'яніймо	70
поп'янійте	70
поп'яніла	70
поп'яніли	70
поп'яніло	70
поп'яніти	70
поп'янію	70
поп'яніють	70
поп'яніє	70
поп'яніємо	70
поп'янієте	70
поп'янієш	70
поп'є	70
поп'ємо	70
поп'єте	70
поп'єш	70
попам'ятав	70
попам'ятай	70
попам'ятаймо	70
попам'ятайте	70
попам'ятала	70
попам'ятали	70
попам'ятало	70
попам'ятати	70
попам'ятаю	70
попам'ятають	70
попам'ятає	70
попам'ятаємо	70
попам'ятаєте	70
попам'ятаєш	70
поперев'язував	70
поперев'язувавсь	70
поперев'язувався	70
поперев'язувала	70
поперев'язувалась	70
поперев'язувалася	70
поперев'язували	70
поперев'язувались	70
поперев'язувалися	70
поперев'язувало	70
поперев'язувалось	70
поперев'язувалося	70
поперев'язувана	70
поперев'язуване	70
поперев'язуваний	70
поперев'язуваним	70
поперев'язуваними	70
поперев'язуваних	70
поперев'язуваного	70
поперев'язуваному	70
поперев'язуваною	70
поперев'язуваної	70
поперев'язувану	70
поперев'язувані	70
поперев'язуваній	70
поперев'язуванім	70
поперев'язувати	70
поперев'язуватись	70
поперев'язуватися	70
поперев'язуй	70
поперев'язуймо	70
поперев'язуймось	70
поперев'язуймося	70
поперев'язуйсь	70
поперев'язуйся	70
поперев'язуйте	70
поперев'язуйтесь	70
поперев'язуйтеся	70
поперев'язую	70
поперев'язуюсь	70
поперев'язуюся	70
поперев'язують	70
поперев'язуються	70
поперев'язує	70
поперев'язуємо	70
поперев'язуємось	70
поперев'язуємося	70
поперев'язуєте	70
поперев'язуєтесь	70
поперев'язуєтеся	70
поперев'язується	70
поперев'язуєш	70
поперев'язуєшся	70
поприв'язував	70
поприв'язувала	70
поприв'язували	70
поприв'язувало	70
поприв'язувана	70
поприв'язуване	70
поприв'язуваний	70
поприв'язуваним	70
поприв'язуваними	70
поприв'язуваних	70
поприв'язуваного	70
поприв'язуваному	70
поприв'язуваною	70
поприв'язуваної	70
поприв'язувану	70
поприв'язувані	70
поприв'язуваній	70
поприв'язуванім	70
поприв'язувати	70
поприв'язуй	70
поприв'язуймо	70
поприв'язуйте	70
поприв'язую	70
поприв'язують	70
поприв'язує	70
поприв'язуємо	70
поприв'язуєте	70
поприв'язуєш	70
пороз'їжджавсь	70
пороз'їжджався	70
пороз'їжджаймось	70
пороз'їжджаймося	70
пороз'їжджайсь	70
пороз'їжджайся	70
пороз'їжджайтесь	70
пороз'їжджайтеся	70
пороз'їжджалась	70
пороз'їжджалася	70
пороз'їжджались	70
пороз'їжджалися	70
пороз'їжджалось	70
пороз'їжджалося	70
пороз'їжджатись	70
пороз'їжджатися	70
пороз'їжджаюсь	70
пороз'їжджаюся	70
пороз'їжджаються	70
пороз'їжджаємось	70
пороз'їжджаємося	70
пороз'їжджаєтесь	70
пороз'їжджаєтеся	70
пороз'їжджається	70
пороз'їжджаєшся	70
порозв'язував	70
порозв'язувавсь	70
порозв'язувався	70
порозв'язувала	70
порозв'язувалась	70
порозв'язувалася	70
порозв'язували	70
порозв'язувались	70
порозв'язувалися	70
порозв'язувало	70
порозв'язувалось	70
порозв'язувалося	70
порозв'язувати	70
порозв'язуватись	70
порозв'язуватися	70
порозв'язуй	70
порозв'язуймо	70
порозв'язуймось	70
порозв'язуймося	70
порозв'язуйсь	70
порозв'язуйся	70
порозв'язуйте	70
порозв'язуйтесь	70
порозв'язуйтеся	70
порозв'язую	70
порозв'язуюсь	70
порозв'язуюся	70
порозв'язують	70
порозв'язуються	70
порозв'язує	70
порозв'язуємо	70
порозв'язуємось	70
порозв'язуємося	70
порозв'язуєте	70
порозв'язуєтесь	70
порозв'язуєтеся	70
порозв'язується	70
порозв'язуєш	70
порозв'язуєшся	70
порум'янів	70
порум'яній	70
порум'яніймо	70
порум'янійте	70
порум'яніла	70
порум'яніле	70
порум'яніли	70
порум'янілий	70
порум'янілим	70
порум'янілими	70
порум'янілих	70
порум'яніло	70
порум'янілого	70
порум'янілому	70
порум'янілою	70
порум'янілої	70
порум'янілу	70
порум'янілі	70
порум'янілій	70
порум'янілім	70
порум'яніти	70
порум'янію	70
порум'яніють	70
порум'яніє	70
порум'яніємо	70
порум'янієте	70
порум'янієш	70
православ'ю	70
православ'я	70
православ'ям	70
православ'ями	70
православ'ях	70
православ'ї	70
православ'їв	70
правосуб'єктності	70
правосуб'єктність	70
правосуб'єктністю	70
праматір'ю	70
праслов'янська	70
праслов'янське	70
праслов'янський	70
праслов'янським	70
праслов'янськими	70
праслов'янських	70
праслов'янського	70
праслов'янському	70
праслов'янською	70
праслов'янської	70
праслов'янську	70
праслов'янські	70
праслов'янській	70
праслов'янськім	70
пред'яви	70
пред'явив	70
пред'явила	70
пред'явили	70
пред'явило	70
пред'явимо	70
пред'явите	70
пред'явити	70
пред'явить	70
пред'явиш	70
пред'явлена	70
пред'явлене	70
пред'явлений	70
пред'явленим	70
пред'явленими	70
пред'явлених	70
пред'явленню	70
пред'явлення	70
пред'явленням	70
пред'явленнями	70
пред'явленнях	70
пред'явленні	70
пред'явлено	70
пред'явленого	70
пред'явленому	70
пред'явленою	70
пред'явленої	70
пред'явлену	70
пред'явлень	70
пред'явлені	70
пред'явленій	70
пред'явленім	70
пред'явлю	70
пред'являв	70
пред'являвсь	70
пред'являвся	70
пред'являй	70
пред'являймо	70
пред'являймось	70
пред'являймося	70
пред'являйсь	70
пред'являйся	70
пред'являйте	70
пред'являйтесь	70
пред'являйтеся	70
пред'являла	70
пред'являлась	70
пред'являлася	70
пред'являли	70
пред'являлись	70
пред'являлися	70
пред'являло	70
пред'являлось	70
пред'являлося	70
пред'являнню	70
пред'являння	70
пред'являнням	70
пред'являнні	70
пред'являти	70
пред'являтиме	70
пред'являтимемо	70
пред'являтимемось	70
пред'являтимемося	70
пред'являтимете	70
пред'являтиметесь	70
пред'являтиметеся	70
пред'являтиметься	70
пред'являтимеш	70
пред'являтимешся	70
пред'являтиму	70
пред'являтимусь	70
пред'являтимуся	70
пред'являтимуть	70
пред'являтимуться	70
пред'являтись	70
пред'являтися	70
пред'являть	70
пред'являю	70
пред'являюсь	70
пред'являюся	70
пред'являють	70
пред'являються	70
пред'являючи	70
пред'являє	70
пред'являємо	70
пред'являємось	70
пред'являємося	70
пред'являєте	70
пред'являєтесь	70
пред'являєтеся	70
пред'являється	70
пред'являєш	70
пред'являєшся	70
пред'явник	70
пред'явника	70
пред'явникам	70
пред'явниками	70
пред'явниках	70
пред'явники	70
пред'явникові	70
пред'явником	70
пред'явнику	70
пред'явників	70
пред'явницею	70
пред'явниць	70
пред'явницька	70
пред'явницьке	70
пред'явницький	70
пред'явницьким	70
пред'явницькими	70
пред'явницьких	70
пред'явницького	70
пред'явницькому	70
пред'явницькою	70
пред'явницької	70
пред'явницьку	70
пред'явницькі	70
пред'явницькій	70
пред'явницькім	70
пред'явницю	70
пред'явниця	70
пред'явницям	70
пред'явницями	70
пред'явницях	70
пред'явниці	70
пред'явімо	70
пред'явіть	70
прем'єр	70
прем'єра	70
прем'єрам	70
прем'єрами	70
прем'єрах	70
прем'єри	70
прем'єрка	70
прем'єрки	70
прем'єркою	70
прем'єрку	70
прем'єрна	70
прем'єрне	70
прем'єрний	70
прем'єрним	70
прем'єрними	70
прем'єрних	70
прем'єрного	70
прем'єрному	70
прем'єрною	70
прем'єрної	70
прем'єрну	70
прем'єрні	70
прем'єрній	70
прем'єрнім	70
прем'єрові	70
прем'єром	70
прем'єрою	70
прем'єрств	70
прем'єрства	70
прем'єрствам	70
прем'єрствами	70
прем'єрствах	70
прем'єрство	70
прем'єрством	70
прем'єрству	70
прем'єрстві	70
прем'єрська	70
прем'єрське	70
прем'єрський	70
прем'єрським	70
прем'єрськими	70
прем'єрських	70
прем'єрського	70
прем'єрському	70
прем'єрською	70
прем'єрської	70
прем'єрську	70
прем'єрські	70
прем'єрській	70
прем'єрськім	70
прем'єру	70
прем'єрці	70
прем'єрі	70
прем'єріада	70
прем'єріади	70
прем'єріадою	70
прем'єріаду	70
прем'єріаді	70
прем'єрів	70
приб'ю	70
приб'юсь	70
приб'юся	70
приб'ють	70
приб'ються	70
приб'є	70
приб'ємо	70
приб'ємось	70
приб'ємося	70
приб'єте	70
приб'єтесь	70
приб'єтеся	70
приб'ється	70
приб'єш	70
приб'єшся	70
прив'ядав	70
прив'ядай	70
прив'ядаймо	70
прив'ядайте	70
прив'ядала	70
прив'ядали	70
прив'ядало	70
прив'яданню	70
прив'ядання	70
прив'яданням	70
прив'яданні	70
прив'ядати	70
прив'ядаю	70
прив'ядають	70
прив'ядає	70
прив'ядаємо	70
прив'ядаєте	70
прив'ядаєш	70
прив'яже	70
прив'яжемо	70
прив'яжемось	70
прив'яжемося	70
прив'яжете	70
прив'яжетесь	70
прив'яжетеся	70
прив'яжеться	70
прив'яжеш	70
прив'яжешся	70
прив'яжи	70
прив'яжись	70
прив'яжися	70
прив'яжу	70
прив'яжусь	70
прив'яжуся	70
прив'яжуть	70
прив'яжуться	70
прив'яжімо	70
прив'яжімось	70
прив'яжімося	70
прив'яжіть	70
прив'яжіться	70
прив'язав	70
прив'язавсь	70
прив'язався	70
прив'язавши	70
прив'язала	70
прив'язалась	70
прив'язалася	70
прив'язали	70
прив'язались	70
прив'язалися	70
прив'язало	70
прив'язалось	70
прив'язалося	70
прив'язана	70
прив'язане	70
прив'язаний	70
прив'язаним	70
прив'язаними	70
прив'язаних	70
прив'язанню	70
прив'язання	70
прив'язанням	70
прив'язаннями	70
прив'язаннях	70
прив'язанні	70
прив'язано	70
прив'язаного	70
прив'язаному	70
прив'язаностей	70
прив'язаностям	70
прив'язаностями	70
прив'язаностях	70
прив'язаності	70
прив'язаною	70
прив'язаної	70
прив'язану	70
прив'язань	70
прив'язані	70
прив'язаній	70
прив'язанім	70
прив'язаність	70
прив'язаністю	70
прив'язати	70
прив'язатись	70
прив'язатися	70
прив'яззю	70
прив'язка	70
прив'язкам	70
прив'язками	70
прив'язках	70
прив'язки	70
прив'язкою	70
прив'язку	70
прив'язна	70
прив'язне	70
прив'язний	70
прив'язним	70
прив'язними	70
прив'язних	70
прив'язного	70
прив'язному	70
прив'язною	70
прив'язної	70
прив'язну	70
прив'язні	70
прив'язній	70
прив'язнім	70
прив'язок	70
прив'язував	70
прив'язувавсь	70
прив'язувався	70
прив'язувала	70
прив'язувалась	70
прив'язувалася	70
прив'язували	70
прив'язувались	70
прив'язувалися	70
прив'язувало	70
прив'язувалось	70
прив'язувалося	70
прив'язуванню	70
прив'язування	70
прив'язуванням	70
прив'язуваннями	70
прив'язуваннях	70
прив'язуванні	70
прив'язувань	70
прив'язувати	70
прив'язуватиме	70
прив'язуватимемо	70
прив'язуватимемось	70
прив'язуватимемося	70
прив'язуватимете	70
прив'язуватиметесь	70
прив'язуватиметеся	70
прив'язуватиметься	70
прив'язуватимеш	70
прив'язуватимешся	70
прив'язуватиму	70
прив'язуватимусь	70
прив'язуватимуся	70
прив'язуватимуть	70
прив'язуватимуться	70
прив'язуватись	70
прив'язуватися	70
прив'язуй	70
прив'язуймо	70
прив'язуймось	70
прив'язуймося	70
прив'язуйсь	70
прив'язуйся	70
прив'язуйте	70
прив'язуйтесь	70
прив'язуйтеся	70
прив'язую	70
прив'язуюсь	70
прив'язуюся	70
прив'язують	70
прив'язуються	70
прив'язуючи	70
прив'язує	70
прив'язуємо	70
прив'язуємось	70
прив'язуємося	70
прив'язуєте	70
прив'язуєтесь	70
прив'язуєтеся	70
прив'язується	70
прив'язуєш	70
прив'язуєшся	70
прив'язці	70
прив'язь	70
прив'язі	70
прив'яла	70
прив'яле	70
прив'ялена	70
прив'ялене	70
прив'ялений	70
прив'яленим	70
прив'яленими	70
прив'ялених	70
прив'яленого	70
прив'яленому	70
прив'яленою	70
прив'яленої	70
прив'ялену	70
прив'ялені	70
прив'яленій	70
прив'яленім	70
прив'ялий	70
прив'ялим	70
прив'ялими	70
прив'ялих	70
прив'ялого	70
прив'ялому	70
прив'ялою	70
прив'ялої	70
прив'ялу	70
прив'ялюванню	70
прив'ялювання	70
прив'ялюванням	70
прив'ялюванні	70
прив'ялі	70
прив'ялій	70
прив'ялім	70
прим'яв	70
прим'явсь	70
прим'явся	70
прим'яла	70
прим'ялась	70
прим'ялася	70
прим'яли	70
прим'ялись	70
прим'ялися	70
прим'яло	70
прим'ялось	70
прим'ялося	70
прим'ята	70
прим'яте	70
прим'яти	70
прим'ятий	70
прим'ятим	70
прим'ятими	70
прим'ятись	70
прим'ятися	70
прим'ятих	70
прим'ятого	70
прим'ятому	70
прим'ятою	70
прим'ятої	70
прим'яту	70
прим'яті	70
прим'ятій	70
прим'ятім	70
примор'ю	70
примор'я	70
примор'ям	70
примор'ями	70
примор'ях	70
примор'ї	70
примор'їв	70
приозер'ю	70
приозер'я	70
приозер'ям	70
приозер'ями	70
приозер'ях	70
приозер'ї	70
приозер'їв	70
прип'ята	70
прип'яте	70
прип'ятий	70
прип'ятим	70
прип'ятими	70
прип'ятих	70
прип'ятого	70
прип'ятому	70
прип'ятою	70
прип'ятої	70
прип'яту	70
прип'яті	70
прип'ятій	70
прип'ятім	70
прислів'ю	70
прислів'я	70
прислів'ям	70
прислів'ями	70
прислів'ях	70
прислів'ї	70
прислів'їв	70
проб'ю	70
проб'юсь	70
проб'юся	70
проб'ють	70
проб'ються	70
проб'є	70
проб'ємо	70
проб'ємось	70
проб'ємося	70
проб'єте	70
проб'єтесь	70
проб'єтеся	70
проб'ється	70
проб'єш	70
проб'єшся	70
пров'ялена	70
пров'ялене	70
пров'ялений	70
пров'яленим	70
пров'яленими	70
пров'ялених	70
пров'яленого	70
пров'яленому	70
пров'яленою	70
пров'яленої	70
пров'ялену	70
пров'ялені	70
пров'яленій	70
пров'яленім	70
прокип'яти	70
прокип'ятив	70
прокип'ятивсь	70
прокип'ятився	70
прокип'ятила	70
прокип'ятилась	70
прокип'ятилася	70
прокип'ятили	70
прокип'ятились	70
прокип'ятилися	70
прокип'ятило	70
прокип'ятилось	70
прокип'ятилося	70
прокип'ятимо	70
прокип'ятимось	70
прокип'ятимося	70
прокип'ятись	70
прокип'ятися	70
прокип'ятите	70
прокип'ятитесь	70
прокип'ятитеся	70
прокип'ятити	70
прокип'ятитись	70
прокип'ятитися	70
прокип'ятить	70
прокип'ятиться	70
прокип'ятиш	70
прокип'ятишся	70
прокип'ятять	70
прокип'ятяться	70
прокип'ятімо	70
прокип'ятімось	70
прокип'ятімося	70
прокип'ятіть	70
прокип'ятіться	70
прокип'ячена	70
прокип'ячене	70
прокип'ячений	70
прокип'яченим	70
прокип'яченими	70
прокип'ячених	70
прокип'яченого	70
прокип'яченому	70
прокип'яченою	70
прокип'яченої	70
прокип'ячену	70
прокип'ячені	70
прокип'яченій	70
прокип'яченім	70
прокип'ячу	70
прокип'ячусь	70
прокип'ячуся	70
проп'ю	70
проп'юсь	70
проп'юся	70
проп'ють	70
проп'ються	70
проп'є	70
проп'ємо	70
проп'ємось	70
проп'ємося	70
проп'єте	70
проп'єтесь	70
проп'єтеся	70
проп'ється	70
проп'єш	70
проп'єшся	70
профоб'єднанню	70
профоб'єднання	70
профоб'єднанням	70
профоб'єднаннями	70
профоб'єднаннях	70
профоб'єднанні	70
профоб'єднань	70
прядив'яна	70
прядив'яне	70
прядив'яний	70
прядив'яним	70
прядив'яними	70
прядив'яних	70
прядив'яного	70
прядив'яному	70
прядив'яною	70
прядив'яної	70
прядив'яну	70
прядив'яні	70
прядив'яній	70
прядив'янім	70
пуп'янка	70
пуп'янкам	70
пуп'янками	70
пуп'янках	70
пуп'янки	70
пуп'янкові	70
пуп'янком	70
пуп'янку	70
пуп'янків	70
пуп'янок	70
пуп'яночка	70
пуп'яночкові	70
пуп'яночком	70
пуп'яночку	70
пуп'яночок	70
пів'ют	70
пів'юта	70
пів'ютові	70
пів'ютом	70
пів'юту	70
пів'юті	70
південнослов'янська	70
південнослов'янське	70
південнослов'янський	70
південнослов'янським	70
південнослов'янськими	70
південнослов'янських	70
південнослов'янського	70
південнослов'янському	70
південнослов'янською	70
південнослов'янської	70
південнослов'янську	70
південнослов'янські	70
південнослов'янській	70
південнослов'янськім	70
під'юджуванню	70
під'юджування	70
під'юджуванням	70
під'юджуванні	70
під'язикова	70
під'язикове	70
під'язиковий	70
під'язиковим	70
під'язиковими	70
під'язикових	70
під'язикового	70
під'язиковому	70
під'язиковою	70
під'язикової	70
під'язикову	70
під'язикові	70
під'язиковій	70
під'язиковім	70
під'язична	70
під'язичне	70
під'язичний	70
під'язичним	70
під'язичними	70
під'язичних	70
під'язичного	70
під'язичному	70
під'язичною	70
під'язичної	70
під'язичну	70
під'язичні	70
під'язичній	70
під'язичнім	70
під'яремна	70
під'яремне	70
під'яремний	70
під'яремним	70
під'яремними	70
під'яремних	70
під'яремного	70
під'яремному	70
під'яремною	70
під'яремної	70
під'яремну	70
під'яремні	70
під'яремній	70
під'яремнім	70
під'єднав	70
під'єднавсь	70
під'єднався	70
під'єднай	70
під'єднаймо	70
під'єднаймось	70
під'єднаймося	70
під'єднайсь	70
під'єднайся	70
під'єднайте	70
під'єднайтесь	70
під'єднайтеся	70
під'єднала	70
під'єдналась	70
під'єдналася	70
під'єднали	70
під'єднались	70
під'єдналися	70
під'єднало	70
під'єдналось	70
під'єдналося	70
під'єднана	70
під'єднане	70
під'єднаний	70
під'єднаним	70
під'єднаними	70
під'єднаних	70
під'єднанню	70
під'єднання	70
під'єднанням	70
під'єднанні	70
під'єднано	70
під'єднаного	70
під'єднаному	70
під'єднаною	70
під'єднаної	70
під'єднану	70
під'єднані	70
під'єднаній	70
під'єднанім	70
під'єднати	70
під'єднатись	70
під'єднатися	70
під'єднаю	70
під'єднаюсь	70
під'єднаюся	70
під'єднають	70
під'єднаються	70
під'єднає	70
під'єднаємо	70
під'єднаємось	70
під'єднаємося	70
під'єднаєте	70
під'єднаєтесь	70
під'єднаєтеся	70
під'єднається	70
під'єднаєш	70
під'єднаєшся	70
під'єднував	70
під'єднувавсь	70
під'єднувався	70
під'єднувала	70
під'єднувалась	70
під'єднувалася	70
під'єднували	70
під'єднувались	70
під'єднувалися	70
під'єднувало	70
під'єднувалось	70
під'єднувалося	70
під'єднуванню	70
під'єднування	70
під'єднуванням	70
під'єднуванні	70
під'єднувати	70
під'єднуватиме	70
під'єднуватимемо	70
під'єднуватимемось	70
під'єднуватимемося	70
під'єднуватимете	70
під'єднуватиметесь	70
під'єднуватиметеся	70
під'єднуватиметься	70
під'єднуватимеш	70
під'єднуватимешся	70
під'єднуватиму	70
під'єднуватимусь	70
під'єднуватимуся	70
під'єднуватимуть	70
під'єднуватимуться	70
під'єднуватись	70
під'єднуватися	70
під'єднуй	70
під'єднуймо	70
під'єднуймось	70
під'єднуймося	70
під'єднуйсь	70
під'єднуйся	70
під'єднуйте	70
під'єднуйтесь	70
під'єднуйтеся	70
під'єдную	70
під'єднуюсь	70
під'єднуюся	70
під'єднують	70
під'єднуються	70
під'єднує	70
під'єднуємо	70
під'єднуємось	70
під'єднуємося	70
під'єднуєте	70
під'єднуєтесь	70
під'єднуєтеся	70
під'єднується	70
під'єднуєш	70
під'єднуєшся	70
під'їдав	70
під'їдай	70
під'їдаймо	70
під'їдайте	70
під'їдала	70
під'їдали	70
під'їдало	70
під'їдати	70
під'їдаю	70
під'їдають	70
під'їдає	70
під'їдаємо	70
під'їдаєте	70
під'їдаєш	70
під'їде	70
під'їдемо	70
під'їдена	70
під'їдене	70
під'їдений	70
під'їденим	70
під'їденими	70
під'їдених	70
під'їденого	70
під'їденому	70
під'їденості	70
під'їденою	70
під'їденої	70
під'їдену	70
під'їдені	70
під'їденій	70
під'їденім	70
під'їденість	70
під'їденістю	70
під'їдете	70
під'їдеш	70
під'їду	70
під'їдуть	70
під'їдь	70
під'їдьмо	70
під'їдьте	70
під'їжджав	70
під'їжджай	70
під'їжджаймо	70
під'їжджайте	70
під'їжджала	70
під'їжджали	70
під'їжджало	70
під'їжджанню	70
під'їжджання	70
під'їжджанням	70
під'їжджанні	70
під'їжджати	70
під'їжджаю	70
під'їжджають	70
під'їжджаючи	70
під'їжджає	70
під'їжджаємо	70
під'їжджаєте	70
під'їжджаєш	70
під'їзд	70
під'їздам	70
під'їздами	70
під'їздах	70
під'їзди	70
під'їздові	70
під'їздом	70
під'їзду	70
під'їзді	70
під'їздів	70
під'їзна	70
під'їзне	70
під'їзний	70
під'їзним	70
під'їзними	70
під'їзних	70
під'їзного	70
під'їзному	70
під'їзною	70
під'їзної	70
під'їзну	70
під'їзні	70
під'їзній	70
під'їзнім	70
під'їхав	70
під'їхавши	70
під'їхала	70
під'їхали	70
під'їхало	70
під'їхати	70
підв'яже	70
підв'яжемо	70
підв'яжемось	70
підв'яжемося	70
підв'яжете	70
підв'яжетесь	70
підв'яжетеся	70
підв'яжеться	70
підв'яжеш	70
підв'яжешся	70
підв'яжи	70
підв'яжись	70
підв'яжися	70
підв'яжу	70
підв'яжусь	70
підв'яжуся	70
підв'яжуть	70
підв'яжуться	70
підв'яжімо	70
підв'яжімось	70
підв'яжімося	70
підв'яжіть	70
підв'яжіться	70
підв'язав	70
підв'язавсь	70
підв'язався	70
підв'язавши	70
підв'язала	70
підв'язалась	70
підв'язалася	70
підв'язали	70
підв'язались	70
підв'язалися	70
підв'язало	70
підв'язалось	70
підв'язалося	70
підв'язана	70
підв'язане	70
підв'язаний	70
підв'язаним	70
підв'язаними	70
підв'язаних	70
підв'язано	70
підв'язаного	70
підв'язаному	70
підв'язаною	70
підв'язаної	70
підв'язану	70
підв'язані	70
підв'язаній	70
підв'язанім	70
підв'язати	70
підв'язатись	70
підв'язатися	70
підв'язка	70
підв'язкам	70
підв'язками	70
підв'язках	70
підв'язки	70
підв'язкова	70
підв'язкове	70
підв'язковий	70
підв'язковим	70
підв'язковими	70
підв'язкових	70
підв'язкового	70
підв'язковому	70
підв'язковою	70
підв'язкової	70
підв'язкову	70
підв'язкові	70
підв'язковій	70
підв'язковім	70
підв'язкою	70
підв'язку	70
підв'язок	70
підв'язував	70
підв'язувавсь	70
підв'язувався	70
підв'язувала	70
підв'язувалась	70
підв'язувалася	70
підв'язували	70
підв'язувались	70
підв'язувалися	70
підв'язувало	70
підв'язувалось	70
підв'язувалося	70
підв'язуванню	70
підв'язування	70
підв'язуванням	70
підв'язуванні	70
підв'язувати	70
підв'язуватись	70
підв'язуватися	70
підв'язуй	70
підв'язуймо	70
підв'язуймось	70
підв'язуймося	70
підв'язуйсь	70
підв'язуйся	70
підв'язуйте	70
підв'язуйтесь	70
підв'язуйтеся	70
підв'язую	70
підв'язуюсь	70
підв'язуюся	70
підв'язують	70
підв'язуються	70
підв'язує	70
підв'язуємо	70
підв'язуємось	70
підв'язуємося	70
підв'язуєте	70
підв'язуєтесь	70
підв'язуєтеся	70
підв'язується	70
підв'язуєш	70
підв'язуєшся	70
підв'язці	70
підгір'ю	70
підгір'я	70
підгір'ям	70
підгір'ї	70
підп'ятник	70
підп'ятника	70
підп'ятникам	70
підп'ятниками	70
підп'ятниках	70
підп'ятники	70
підп'ятникові	70
підп'ятником	70
підп'ятнику	70
підп'ятників	70
підребер'ю	70
підребер'я	70
підребер'ям	70
підребер'ями	70
підребер'ях	70
підребер'ї	70
підребер'їв	70
підрум'янена	70
підрум'янене	70
підрум'янений	70
підрум'яненим	70
підрум'яненими	70
підрум'янених	70
підрум'яненого	70
підрум'яненому	70
підрум'яненою	70
підрум'яненої	70
підрум'янену	70
підрум'янені	70
підрум'яненій	70
підрум'яненім	70
підрум'янив	70
підрум'янивсь	70
підрум'янився	70
підрум'янила	70
підрум'янилась	70
підрум'янилася	70
підрум'янили	70
підрум'янились	70
підрум'янилися	70
підрум'янило	70
підрум'янилось	70
підрум'янилося	70
підрум'янимо	70
підрум'янимось	70
підрум'янимося	70
підрум'яните	70
підрум'янитесь	70
підрум'янитеся	70
підрум'янити	70
підрум'янитись	70
підрум'янитися	70
підрум'янить	70
підрум'яниться	70
підрум'яниш	70
підрум'янишся	70
підрум'янь	70
підрум'яньмо	70
підрум'яньмось	70
підрум'яньмося	70
підрум'янься	70
підрум'яньте	70
підрум'яньтесь	70
підрум'яньтеся	70
підрум'яню	70
підрум'янював	70
підрум'янювавсь	70
підрум'янювався	70
підрум'янювала	70
підрум'янювалась	70
підрум'янювалася	70
підрум'янювали	70
підрум'янювались	70
підрум'янювалися	70
підрум'янювало	70
підрум'янювалось	70
підрум'янювалося	70
підрум'янювати	70
підрум'янюватись	70
підрум'янюватися	70
підрум'янюй	70
підрум'янюймо	70
підрум'янюймось	70
підрум'янюймося	70
підрум'янюйсь	70
підрум'янюйся	70
підрум'янюйте	70
підрум'янюйтесь	70
підрум'янюйтеся	70
підрум'янюсь	70
підрум'янюся	70
підрум'янюю	70
підрум'янююсь	70
підрум'янююся	70
підрум'янюють	70
підрум'янюються	70
підрум'янює	70
підрум'янюємо	70
підрум'янюємось	70
підрум'янюємося	70
підрум'янюєте	70
підрум'янюєтесь	70
підрум'янюєтеся	70
підрум'янюється	70
підрум'янюєш	70
підрум'янюєшся	70
підрум'янять	70
підрум'яняться	70
підчерев'ю	70
підчерев'я	70
підчерев'ям	70
підчерев'ї	70
підіб'ю	70
підіб'юсь	70
підіб'юся	70
підіб'ють	70
підіб'ються	70
підіб'є	70
підіб'ємо	70
підіб'ємось	70
підіб'ємося	70
підіб'єте	70
підіб'єтесь	70
підіб'єтеся	70
підіб'ється	70
підіб'єш	70
підіб'єшся	70
підів'ю	70
підів'юсь	70
підів'юся	70
підів'ють	70
підів'ються	70
підів'є	70
підів'ємо	70
підів'ємось	70
підів'ємося	70
підів'єте	70
підів'єтесь	70
підів'єтеся	70
підів'ється	70
підів'єш	70
підів'єшся	70
підім'яв	70
підім'явсь	70
підім'явся	70
підім'яла	70
підім'ялась	70
підім'ялася	70
підім'яли	70
підім'ялись	70
підім'ялися	70
підім'яло	70
підім'ялось	70
підім'ялося	70
підім'ята	70
підім'яте	70
підім'яти	70
підім'ятий	70
підім'ятим	70
підім'ятими	70
підім'ятись	70
підім'ятися	70
підім'ятих	70
підім'ятого	70
підім'ятому	70
підім'ятою	70
підім'ятої	70
підім'яту	70
підім'яті	70
підім'ятій	70
підім'ятім	70
пір'ю	70
пір'я	70
пір'ям	70
пір'ями	70
пір'яна	70
пір'яне	70
пір'яний	70
пір'яним	70
пір'яними	70
пір'яних	70
пір'яного	70
пір'яному	70
пір'яною	70
пір'яної	70
пір'яну	70
пір'яні	70
пір'яній	70
пір'янім	70
пір'яста	70
пір'ясте	70
пір'ястий	70
пір'ястим	70
пір'ястими	70
пір'ястих	70
пір'ястого	70
пір'ястому	70
пір'ястою	70
пір'ястої	70
пір'ясту	70
пір'ясті	70
пір'ястій	70
пір'ястім	70
пір'ях	70
пір'ячка	70
пір'ячко	70
пір'ячком	70
пір'ячку	70
пір'ї	70
пір'їв	70
пір'їн	70
пір'їна	70
пір'їнам	70
пір'їнами	70
пір'їнах	70
пір'їни	70
пір'їнка	70
пір'їнкам	70
пір'їнками	70
пір'їнках	70
пір'їнки	70
пір'їнкою	70
пір'їнку	70
пір'їнок	70
пір'їночка	70
пір'їночкам	70
пір'їночками	70
пір'їночках	70
пір'їночки	70
пір'їночкою	70
пір'їночку	70
пір'їночок	70
пір'їночці	70
пір'їною	70
пір'їну	70
пір'їнці	70
пір'їні	70
післяз'їздівська	70
післяз'їздівське	70
післяз'їздівський	70
післяз'їздівським	70
післяз'їздівськими	70
післяз'їздівських	70
післяз'їздівського	70
післяз'їздівському	70
післяз'їздівською	70
післяз'їздівської	70
післяз'їздівську	70
післяз'їздівські	70
післяз'їздівській	70
післяз'їздівськім	70
радіозв'язкам	70
радіозв'язками	70
радіозв'язках	70
радіозв'язки	70
радіозв'язкові	70
радіозв'язком	70
радіозв'язку	70
радіозв'язків	70
радіозв'язок	70
райоб'єднанню	70
райоб'єднання	70
райоб'єднанням	70
райоб'єднаннями	70
райоб'єднаннях	70
райоб'єднанні	70
райоб'єднань	70
реп'ях	70
реп'яха	70
реп'яхам	70
реп'яхами	70
реп'яхах	70
реп'яхи	70
реп'яхова	70
реп'яхове	70
реп'яховий	70
реп'яховим	70
реп'яховими	70
реп'яхових	70
реп'яхового	70
реп'яховому	70
реп'яховою	70
реп'яхової	70
реп'яхову	70
реп'яхові	70
реп'яховій	70
реп'яховім	70
реп'яхом	70
реп'яху	70
реп'яхів	70
реп'яшка	70
реп'яшкам	70
реп'яшками	70
реп'яшках	70
реп'яшки	70
реп'яшкові	70
реп'яшком	70
реп'яшку	70
реп'яшків	70
реп'яшок	70
риб'яча	70
риб'яче	70
риб'ячий	70
риб'ячим	70
риб'ячими	70
риб'ячих	70
риб'ячого	70
риб'ячому	70
риб'ячою	70
риб'ячої	70
риб'ячу	70
риб'ячі	70
риб'ячій	70
риб'ячім	70
роз'ярена	70
роз'ярене	70
роз'ярений	70
роз'яреним	70
роз'яреними	70
роз'ярених	70
роз'яренню	70
роз'ярення	70
роз'яренням	70
роз'яренні	70
роз'яреного	70
роз'яреному	70
роз'яреною	70
роз'яреної	70
роз'ярену	70
роз'ярені	70
роз'яреній	70
роз'яренім	70
роз'ярив	70
роз'яривсь	70
роз'ярився	70
роз'ярила	70
роз'ярилась	70
роз'ярилася	70
роз'ярили	70
роз'ярились	70
роз'ярилися	70
роз'ярило	70
роз'ярилось	70
роз'ярилося	70
роз'яримо	70
роз'яримось	70
роз'яримося	70
роз'ярите	70
роз'яритесь	70
роз'яритеся	70
роз'ярити	70
роз'яритись	70
роз'яритися	70
роз'ярить	70
роз'яриться	70
роз'яриш	70
роз'яришся	70
роз'ярю	70
роз'ярюсь	70
роз'ярюся	70
роз'ярять	70
роз'яряться	70
роз'яряючи	70
роз'яснена	70
роз'яснене	70
роз'яснений	70
роз'ясненим	70
роз'ясненими	70
роз'яснених	70
роз'ясненню	70
роз'яснення	70
роз'ясненням	70
роз'ясненнями	70
роз'ясненнях	70
роз'ясненні	70
роз'ясненого	70
роз'ясненому	70
роз'ясненою	70
роз'ясненої	70
роз'яснену	70
роз'яснень	70
роз'яснені	70
роз'ясненій	70
роз'ясненім	70
роз'ясни	70
роз'яснив	70
роз'яснивсь	70
роз'яснився	70
роз'яснила	70
роз'яснилась	70
роз'яснилася	70
роз'яснили	70
роз'яснились	70
роз'яснилися	70
роз'яснило	70
роз'яснилось	70
роз'яснилося	70
роз'яснимо	70
роз'яснимось	70
роз'яснимося	70
роз'яснись	70
роз'яснися	70
роз'ясните	70
роз'яснитесь	70
роз'яснитеся	70
роз'яснити	70
роз'яснитись	70
роз'яснитися	70
роз'яснить	70
роз'ясниться	70
роз'ясниш	70
роз'яснишся	70
роз'ясню	70
роз'яснював	70
роз'яснювавсь	70
роз'яснювався	70
роз'яснювала	70
роз'яснювалась	70
роз'яснювалася	70
роз'яснювали	70
роз'яснювались	70
роз'яснювалися	70
роз'яснювало	70
роз'яснювалось	70
роз'яснювалося	70
роз'яснювальна	70
роз'яснювальне	70
роз'яснювальний	70
роз'яснювальним	70
роз'яснювальними	70
роз'яснювальних	70
роз'яснювального	70
роз'яснювальному	70
роз'яснювальною	70
роз'яснювальної	70
роз'яснювальну	70
роз'яснювальні	70
роз'яснювальній	70
роз'яснювальнім	70
роз'яснюванню	70
роз'яснювання	70
роз'яснюванням	70
роз'яснюванні	70
роз'яснювати	70
роз'яснюватись	70
роз'яснюватися	70
роз'яснюй	70
роз'яснюймо	70
роз'яснюймось	70
роз'яснюймося	70
роз'яснюйсь	70
роз'яснюйся	70
роз'яснюйте	70
роз'яснюйтесь	70
роз'яснюйтеся	70
роз'яснюсь	70
роз'яснюся	70
роз'яснюю	70
роз'яснююсь	70
роз'яснююся	70
роз'яснюють	70
роз'яснюються	70
роз'яснюючи	70
роз'яснює	70
роз'яснюємо	70
роз'яснюємось	70
роз'яснюємося	70
роз'яснюєте	70
роз'яснюєтесь	70
роз'яснюєтеся	70
роз'яснюється	70
роз'яснюєш	70
роз'яснюєшся	70
роз'яснять	70
роз'ясняться	70
роз'яснімо	70
роз'яснімось	70
роз'яснімося	70
роз'ясніть	70
роз'ясніться	70
роз'ятрена	70
роз'ятрене	70
роз'ятрений	70
роз'ятреним	70
роз'ятреними	70
роз'ятрених	70
роз'ятренню	70
роз'ятрення	70
роз'ятренням	70
роз'ятренні	70
роз'ятрено	70
роз'ятреного	70
роз'ятреному	70
роз'ятреною	70
роз'ятреної	70
роз'ятрену	70
роз'ятрені	70
роз'ятреній	70
роз'ятренім	70
роз'ятри	70
роз'ятрив	70
роз'ятривсь	70
роз'ятрився	70
роз'ятрила	70
роз'ятрилась	70
роз'ятрилася	70
роз'ятрили	70
роз'ятрились	70
роз'ятрилися	70
роз'ятрило	70
роз'ятрилось	70
роз'ятрилося	70
роз'ятримо	70
роз'ятримось	70
роз'ятримося	70
роз'ятрите	70
роз'ятритесь	70
роз'ятритеся	70
роз'ятрити	70
роз'ятритись	70
роз'ятритися	70
роз'ятрить	70
роз'ятриться	70
роз'ятриш	70
роз'ятришся	70
роз'ятрю	70
роз'ятрював	70
роз'ятрювавсь	70
роз'ятрювався	70
роз'ятрювала	70
роз'ятрювалась	70
роз'ятрювалася	70
роз'ятрювали	70
роз'ятрювались	70
роз'ятрювалися	70
роз'ятрювало	70
роз'ятрювалось	70
роз'ятрювалося	70
роз'ятрюванню	70
роз'ятрювання	70
роз'ятрюванням	70
роз'ятрюванні	70
роз'ятрювати	70
роз'ятрюватись	70
роз'ятрюватися	70
роз'ятрюй	70
роз'ятрюймо	70
роз'ятрюймось	70
роз'ятрюймося	70
роз'ятрюйсь	70
роз'ятрюйся	70
роз'ятрюйте	70
роз'ятрюйтесь	70
роз'ятрюйтеся	70
роз'ятрюсь	70
роз'ятрюся	70
роз'ятрюю	70
роз'ятрююсь	70
роз'ятрююся	70
роз'ятрюють	70
роз'ятрюються	70
роз'ятрюючи	70
роз'ятрює	70
роз'ятрюємо	70
роз'ятрюємось	70
роз'ятрюємося	70
роз'ятрюєте	70
роз'ятрюєтесь	70
роз'ятрюєтеся	70
роз'ятрюється	70
роз'ятрюєш	70
роз'ятрюєшся	70
роз'ятрять	70
роз'ятряться	70
роз'ятрімо	70
роз'ятріть	70
роз'єднав	70
роз'єднавсь	70
роз'єднався	70
роз'єднай	70
роз'єднаймо	70
роз'єднаймось	70
роз'єднаймося	70
роз'єднайсь	70
роз'єднайся	70
роз'єднайте	70
роз'єднайтесь	70
роз'єднайтеся	70
роз'єднала	70
роз'єдналась	70
роз'єдналася	70
роз'єднали	70
роз'єднались	70
роз'єдналися	70
роз'єднало	70
роз'єдналось	70
роз'єдналося	70
роз'єднана	70
роз'єднане	70
роз'єднаний	70
роз'єднаним	70
роз'єднаними	70
роз'єднаних	70
роз'єднанню	70
роз'єднання	70
роз'єднанням	70
роз'єднаннями	70
роз'єднаннях	70
роз'єднанні	70
роз'єднано	70
роз'єднаного	70
роз'єднаному	70
роз'єднаності	70
роз'єднаною	70
роз'єднаної	70
роз'єднану	70
роз'єднань	70
роз'єднані	70
роз'єднаній	70
роз'єднанім	70
роз'єднаність	70
роз'єднаністю	70
роз'єднати	70
роз'єднатись	70
роз'єднатися	70
роз'єднаю	70
роз'єднаюсь	70
роз'єднаюся	70
роз'єднають	70
роз'єднаються	70
роз'єднає	70
роз'єднаємо	70
роз'єднаємось	70
роз'єднаємося	70
роз'єднаєте	70
роз'єднаєтесь	70
роз'єднаєтеся	70
роз'єднається	70
роз'єднаєш	70
роз'єднаєшся	70
роз'єднував	70
роз'єднувавсь	70
роз'єднувався	70
роз'єднувала	70
роз'єднувалась	70
роз'єднувалася	70
роз'єднували	70
роз'єднувались	70
роз'єднувалися	70
роз'єднувало	70
роз'єднувалось	70
роз'єднувалося	70
роз'єднувальна	70
роз'єднувальне	70
роз'єднувальний	70
роз'єднувальним	70
роз'єднувальними	70
роз'єднувальних	70
роз'єднувального	70
роз'єднувальному	70
роз'єднувальною	70
роз'єднувальної	70
роз'єднувальну	70
роз'єднувальні	70
роз'єднувальній	70
роз'єднувальнім	70
роз'єднуванню	70
роз'єднування	70
роз'єднуванням	70
роз'єднуванні	70
роз'єднувати	70
роз'єднуватись	70
роз'єднуватися	70
роз'єднувач	70
роз'єднувача	70
роз'єднувачам	70
роз'єднувачами	70
роз'єднувачах	70
роз'єднувачеві	70
роз'єднувачем	70
роз'єднувачу	70
роз'єднувачі	70
роз'єднувачів	70
роз'єднуй	70
роз'єднуймо	70
роз'єднуймось	70
роз'єднуймося	70
роз'єднуйсь	70
роз'єднуйся	70
роз'єднуйте	70
роз'єднуйтесь	70
роз'єднуйтеся	70
роз'єдную	70
роз'єднуюсь	70
роз'єднуюся	70
роз'єднують	70
роз'єднуються	70
роз'єднуючи	70
роз'єднує	70
роз'єднуємо	70
роз'єднуємось	70
роз'єднуємося	70
роз'єднуєте	70
роз'єднуєтесь	70
роз'єднуєтеся	70
роз'єднується	70
роз'єднуєш	70
роз'єднуєшся	70
роз'єм	70
роз'ємам	70
роз'ємами	70
роз'ємах	70
роз'єми	70
роз'ємна	70
роз'ємне	70
роз'ємний	70
роз'ємним	70
роз'ємними	70
роз'ємних	70
роз'ємного	70
роз'ємному	70
роз'ємною	70
роз'ємної	70
роз'ємну	70
роз'ємні	70
роз'ємній	70
роз'ємнім	70
роз'ємові	70
роз'ємом	70
роз'єму	70
роз'ємі	70
роз'ємів	70
роз'їв	70
роз'ївсь	70
роз'ївся	70
роз'їдав	70
роз'їдавсь	70
роз'їдався	70
роз'їдай	70
роз'їдаймо	70
роз'їдаймось	70
роз'їдаймося	70
роз'їдайсь	70
роз'їдайся	70
роз'їдайте	70
роз'їдайтесь	70
роз'їдайтеся	70
роз'їдала	70
роз'їдалась	70
роз'їдалася	70
роз'їдали	70
роз'їдались	70
роз'їдалися	70
роз'їдало	70
роз'їдалось	70
роз'їдалося	70
роз'їдальна	70
роз'їдальне	70
роз'їдальний	70
роз'їдальним	70
роз'їдальними	70
роз'їдальних	70
роз'їдального	70
роз'їдальному	70
роз'їдальною	70
роз'їдальної	70
роз'їдальну	70
роз'їдальні	70
роз'їдальній	70
роз'їдальнім	70
роз'їданню	70
роз'їдання	70
роз'їданням	70
роз'їданнями	70
роз'їданнях	70
роз'їданні	70
роз'їдань	70
роз'їдати	70
роз'їдатиме	70
роз'їдатимемо	70
роз'їдатимемось	70
роз'їдатимемося	70
роз'їдатимете	70
роз'їдатиметесь	70
роз'їдатиметеся	70
роз'їдатиметься	70
роз'їдатимеш	70
роз'їдатимешся	70
роз'їдатиму	70
роз'їдатимусь	70
роз'їдатимуся	70
роз'їдатимуть	70
роз'їдатимуться	70
роз'їдатись	70
роз'їдатися	70
роз'їдаю	70
роз'їдаюсь	70
роз'їдаюся	70
роз'їдають	70
роз'їдаються	70
роз'їдаючи	70
роз'їдає	70
роз'їдаємо	70
роз'їдаємось	70
роз'їдаємося	70
роз'їдаєте	70
роз'їдаєтесь	70
роз'їдаєтеся	70
роз'їдається	70
роз'їдаєш	70
роз'їдаєшся	70
роз'їде	70
роз'їдемо	70
роз'їдемось	70
роз'їдемося	70
роз'їдена	70
роз'їдене	70
роз'їдений	70
роз'їденим	70
роз'їденими	70
роз'їдених	70
роз'їденого	70
роз'їденому	70
роз'їденою	70
роз'їденої	70
роз'їдену	70
роз'їдені	70
роз'їденій	70
роз'їденім	70
роз'їдете	70
роз'їдетесь	70
роз'їдетеся	70
роз'їдеться	70
роз'їдеш	70
роз'їдешся	70
роз'їду	70
роз'їдусь	70
роз'їдуся	70
роз'їдуть	70
роз'їдуться	70
роз'їдь	70
роз'їдьмо	70
роз'їдьмось	70
роз'їдьмося	70
роз'їдься	70
роз'їдьте	70
роз'їдьтесь	70
роз'їдьтеся	70
роз'їдять	70
роз'їдяться	70
роз'їж	70
роз'їжджав	70
роз'їжджавсь	70
роз'їжджався	70
роз'їжджай	70
роз'їжджаймо	70
роз'їжджаймось	70
роз'їжджаймося	70
роз'їжджайсь	70
роз'їжджайся	70
роз'їжджайте	70
роз'їжджайтесь	70
роз'їжджайтеся	70
роз'їжджала	70
роз'їжджалась	70
роз'їжджалася	70
роз'їжджали	70
роз'їжджались	70
роз'їжджалися	70
роз'їжджало	70
роз'їжджалось	70
роз'їжджалося	70
роз'їжджати	70
роз'їжджатиме	70
роз'їжджатимемо	70
роз'їжджатимемось	70
роз'їжджатимемося	70
роз'їжджатимете	70
роз'їжджатиметесь	70
роз'їжджатиметеся	70
роз'їжджатиметься	70
роз'їжджатимеш	70
роз'їжджатимешся	70
роз'їжджатиму	70
роз'їжджатимусь	70
роз'їжджатимуся	70
роз'їжджатимуть	70
роз'їжджатимуться	70
роз'їжджатись	70
роз'їжджатися	70
роз'їжджаю	70
роз'їжджаюсь	70
роз'їжджаюся	70
роз'їжджають	70
роз'їжджаються	70
роз'їжджаючи	70
роз'їжджає	70
роз'їжджаємо	70
роз'їжджаємось	70
роз'їжджаємося	70
роз'їжджаєте	70
роз'їжджаєтесь	70
роз'їжджаєтеся	70
роз'їжджається	70
роз'їжджаєш	70
роз'їжджаєшся	70
роз'їжджена	70
роз'їжджене	70
роз'їжджений	70
роз'їждженим	70
роз'їждженими	70
роз'їжджених	70
роз'їжджено	70
роз'їждженого	70
роз'їждженому	70
роз'їждженою	70
роз'їждженої	70
роз'їжджену	70
роз'їжджені	70
роз'їждженій	70
роз'їждженім	70
роз'їжмо	70
роз'їжмось	70
роз'їжмося	70
роз'їжся	70
роз'їжте	70
роз'їжтесь	70
роз'їжтеся	70
роз'їзд	70
роз'їздам	70
роз'їздами	70
роз'їздах	70
роз'їзди	70
роз'їздові	70
роз'їздом	70
роз'їзду	70
роз'їзді	70
роз'їздів	70
роз'їзна	70
роз'їзне	70
роз'їзний	70
роз'їзним	70
роз'їзними	70
роз'їзних	70
роз'їзного	70
роз'їзному	70
роз'їзною	70
роз'їзної	70
роз'їзну	70
роз'їзні	70
роз'їзній	70
роз'їзнім	70
роз'їла	70
роз'їлась	70
роз'їлася	70
роз'їли	70
роз'їлись	70
роз'їлися	70
роз'їло	70
роз'їлось	70
роз'їлося	70
роз'їм	70
роз'їмо	70
роз'їмось	70
роз'їмося	70
роз'їмся	70
роз'їси	70
роз'їсись	70
роз'їсися	70
роз'їсте	70
роз'їстесь	70
роз'їстеся	70
роз'їсти	70
роз'їстись	70
роз'їстися	70
роз'їсть	70
роз'їсться	70
роз'їхав	70
роз'їхавсь	70
роз'їхався	70
роз'їхала	70
роз'їхалась	70
роз'їхалася	70
роз'їхали	70
роз'їхались	70
роз'їхалися	70
роз'їхало	70
роз'їхалось	70
роз'їхалося	70
роз'їхати	70
роз'їхатись	70
роз'їхатися	70
розв'яже	70
розв'яжемо	70
розв'яжемось	70
розв'яжемося	70
розв'яжете	70
розв'яжетесь	70
розв'яжетеся	70
розв'яжеться	70
розв'яжеш	70
розв'яжешся	70
розв'яжи	70
розв'яжись	70
розв'яжися	70
розв'яжу	70
розв'яжусь	70
розв'яжуся	70
розв'яжуть	70
розв'яжуться	70
розв'яжімо	70
розв'яжімось	70
розв'яжімося	70
розв'яжіть	70
розв'яжіться	70
розв'язав	70
розв'язавсь	70
розв'язався	70
розв'язавши	70
розв'язала	70
розв'язалась	70
розв'язалася	70
розв'язали	70
розв'язались	70
розв'язалися	70
розв'язало	70
розв'язалось	70
розв'язалося	70
розв'язана	70
розв'язане	70
розв'язаний	70
розв'язаним	70
розв'язаними	70
розв'язаних	70
розв'язанню	70
розв'язання	70
розв'язанням	70
розв'язаннями	70
розв'язаннях	70
розв'язанні	70
розв'язано	70
розв'язаного	70
розв'язаному	70
розв'язаності	70
розв'язаною	70
розв'язаної	70
розв'язану	70
розв'язань	70
розв'язані	70
розв'язаній	70
розв'язанім	70
розв'язаність	70
розв'язаністю	70
розв'язати	70
розв'язатись	70
розв'язатися	70
розв'язка	70
розв'язкам	70
розв'язками	70
розв'язках	70
розв'язки	70
розв'язкові	70
розв'язком	70
розв'язкою	70
розв'язку	70
розв'язків	70
розв'язна	70
розв'язне	70
розв'язний	70
розв'язним	70
розв'язними	70
розв'язних	70
розв'язно	70
розв'язного	70
розв'язному	70
розв'язності	70
розв'язною	70
розв'язної	70
розв'язну	70
розв'язні	70
розв'язній	70
розв'язнім	70
розв'язність	70
розв'язністю	70
розв'язок	70
розв'язував	70
розв'язувавсь	70
розв'язувався	70
розв'язувала	70
розв'язувалась	70
розв'язувалася	70
розв'язували	70
розв'язувались	70
розв'язувалися	70
розв'язувало	70
розв'язувалось	70
розв'язувалося	70
розв'язувальна	70
розв'язувальне	70
розв'язувальний	70
розв'язувальним	70
розв'язувальними	70
розв'язувальних	70
розв'язувального	70
розв'язувальному	70
розв'язувальною	70
розв'язувальної	70
розв'язувальну	70
розв'язувальні	70
розв'язувальній	70
розв'язувальнім	70
розв'язувана	70
розв'язуване	70
розв'язуваний	70
розв'язуваним	70
розв'язуваними	70
розв'язуваних	70
розв'язуванню	70
розв'язування	70
розв'язуванням	70
розв'язуваннями	70
розв'язуваннях	70
розв'язуванні	70
розв'язуваного	70
розв'язуваному	70
розв'язуваності	70
розв'язуваною	70
розв'язуваної	70
розв'язувану	70
розв'язувань	70
розв'язувані	70
розв'язуваній	70
розв'язуванім	70
розв'язуваність	70
розв'язуваністю	70
розв'язувати	70
розв'язуватиме	70
розв'язуватимемо	70
розв'язуватимемось	70
розв'язуватимемося	70
розв'язуватимете	70
розв'язуватиметесь	70
розв'язуватиметеся	70
розв'язуватиметься	70
розв'язуватимеш	70
розв'язуватимешся	70
розв'язуватиму	70
розв'язуватимусь	70
розв'язуватимуся	70
розв'язуватимуть	70
розв'язуватимуться	70
розв'язуватись	70
розв'язуватися	70
розв'язуй	70
розв'язуймо	70
розв'язуймось	70
розв'язуймося	70
розв'язуйсь	70
розв'язуйся	70
розв'язуйте	70
розв'язуйтесь	70
розв'язуйтеся	70
розв'язую	70
розв'язуюсь	70
розв'язуюся	70
розв'язують	70
розв'язуються	70
розв'язуючи	70
розв'язує	70
розв'язуємо	70
розв'язуємось	70
розв'язуємося	70
розв'язуєте	70
розв'язуєтесь	70
розв'язуєтеся	70
розв'язується	70
розв'язуєш	70
розв'язуєшся	70
розв'язці	70
розм'якав	70
розм'якай	70
розм'якаймо	70
розм'якайте	70
розм'якала	70
розм'якали	70
розм'якало	70
розм'якати	70
розм'якатиме	70
розм'якатимемо	70
розм'якатимете	70
розм'якатимеш	70
розм'якатиму	70
розм'якатимуть	70
розм'якаю	70
розм'якають	70
розм'якає	70
розм'якаємо	70
розм'якаєте	70
розм'якаєш	70
розм'якла	70
розм'якле	70
розм'яклий	70
розм'яклим	70
розм'яклими	70
розм'яклих	70
розм'яклого	70
розм'яклому	70
розм'яклості	70
розм'яклою	70
розм'яклої	70
розм'яклу	70
розм'яклі	70
розм'яклій	70
розм'яклім	70
розм'яклість	70
розм'яклістю	70
розм'якне	70
розм'якнемо	70
розм'якнете	70
розм'якнеш	70
розм'якни	70
розм'якну	70
розм'якнув	70
розм'якнувши	70
розм'якнула	70
розм'якнули	70
розм'якнуло	70
розм'якнути	70
розм'якнуть	70
розм'якнімо	70
розм'якніть	70
розм'якшать	70
розм'якшаться	70
розм'якшена	70
розм'якшене	70
розм'якшений	70
розм'якшеним	70
розм'якшеними	70
розм'якшених	70
розм'якшенню	70
розм'якшення	70
розм'якшенням	70
розм'якшеннями	70
розм'якшеннях	70
розм'якшенні	70
розм'якшеного	70
розм'якшеному	70
розм'якшеності	70
розм'якшеною	70
розм'якшеної	70
розм'якшену	70
розм'якшень	70
розм'якшені	70
розм'якшеній	70
розм'якшенім	70
розм'якшеність	70
розм'якшеністю	70
розм'якшив	70
розм'якшивсь	70
розм'якшився	70
розм'якшила	70
розм'якшилась	70
розм'якшилася	70
розм'якшили	70
розм'якшились	70
розм'якшилися	70
розм'якшило	70
розм'якшилось	70
розм'якшилося	70
розм'якшимо	70
розм'якшимось	70
розм'якшимося	70
розм'якшите	70
розм'якшитесь	70
розм'якшитеся	70
розм'якшити	70
розм'якшитись	70
розм'якшитися	70
розм'якшить	70
розм'якшиться	70
розм'якшиш	70
розм'якшишся	70
розм'якшу	70
розм'якшував	70
розм'якшувавсь	70
розм'якшувався	70
розм'якшувала	70
розм'якшувалась	70
розм'якшувалася	70
розм'якшували	70
розм'якшувались	70
розм'якшувалися	70
розм'якшувало	70
розм'якшувалось	70
розм'якшувалося	70
розм'якшуванню	70
розм'якшування	70
розм'якшуванням	70
розм'якшуванні	70
розм'якшувати	70
розм'якшуватись	70
розм'якшуватися	70
розм'якшуй	70
розм'якшуймо	70
розм'якшуймось	70
розм'якшуймося	70
розм'якшуйсь	70
розм'якшуйся	70
розм'якшуйте	70
розм'якшуйтесь	70
розм'якшуйтеся	70
розм'якшусь	70
розм'якшуся	70
розм'якшую	70
розм'якшуюсь	70
розм'якшуюся	70
розм'якшують	70
розм'якшуються	70
розм'якшуючи	70
розм'якшує	70
розм'якшуємо	70
розм'якшуємось	70
розм'якшуємося	70
розм'якшуєте	70
розм'якшуєтесь	70
розм'якшуєтеся	70
розм'якшується	70
розм'якшуєш	70
розм'якшуєшся	70
розп'ята	70
розп'яте	70
розп'ятий	70
розп'ятим	70
розп'ятими	70
розп'ятих	70
розп'ято	70
розп'ятого	70
розп'ятому	70
розп'ятою	70
розп'ятої	70
розп'яттю	70
розп'яття	70
розп'яттям	70
розп'яттями	70
розп'яттях	70
розп'ятті	70
розп'яту	70
розп'ять	70
розп'яті	70
розп'ятій	70
розп'ятім	70
розрум'янена	70
розрум'янене	70
розрум'янений	70
розрум'яненим	70
розрум'яненими	70
розрум'янених	70
розрум'яненого	70
розрум'яненому	70
розрум'яненою	70
розрум'яненої	70
розрум'янену	70
розрум'янені	70
розрум'яненій	70
розрум'яненім	70
розрум'янив	70
розрум'янивсь	70
розрум'янився	70
розрум'янила	70
розрум'янилась	70
розрум'янилася	70
розрум'янили	70
розрум'янились	70
розрум'янилися	70
розрум'янило	70
розрум'янилось	70
розрум'янилося	70
розрум'янимо	70
розрум'янимось	70
розрум'янимося	70
розрум'яните	70
розрум'янитесь	70
розрум'янитеся	70
розрум'янити	70
розрум'янитись	70
розрум'янитися	70
розрум'янить	70
розрум'яниться	70
розрум'яниш	70
розрум'янишся	70
розрум'яню	70
розрум'янюсь	70
розрум'янюся	70
розрум'янять	70
розрум'яняться	70
розіб'ю	70
розіб'юсь	70
розіб'юся	70
розіб'ють	70
розіб'ються	70
розіб'є	70
розіб'ємо	70
розіб'ємось	70
розіб'ємося	70
розіб'єте	70
розіб'єтесь	70
розіб'єтеся	70
розіб'ється	70
розіб'єш	70
розіб'єшся	70
розім'яв	70
розім'явсь	70
розім'явся	70
розім'яла	70
розім'ялась	70
розім'ялася	70
розім'яли	70
розім'ялись	70
розім'ялися	70
розім'яло	70
розім'ялось	70
розім'ялося	70
розім'ята	70
розім'яте	70
розім'яти	70
розім'ятий	70
розім'ятим	70
розім'ятими	70
розім'ятись	70
розім'ятися	70
розім'ятих	70
розім'ятого	70
розім'ятому	70
розім'ятою	70
розім'ятої	70
розім'яту	70
розім'яті	70
розім'ятій	70
розім'ятім	70
розіп'ю	70
розіп'юсь	70
розіп'юся	70
розіп'ють	70
розіп'ються	70
розіп'ята	70
розіп'яте	70
розіп'ятий	70
розіп'ятим	70
розіп'ятими	70
розіп'ятих	70
розіп'ятого	70
розіп'ятому	70
розіп'ятою	70
розіп'ятої	70
розіп'яту	70
розіп'яті	70
розіп'ятій	70
розіп'ятім	70
розіп'є	70
розіп'ємо	70
розіп'ємось	70
розіп'ємося	70
розіп'єте	70
розіп'єтесь	70
розіп'єтеся	70
розіп'ється	70
розіп'єш	70
розіп'єшся	70
руб'ю	70
руб'я	70
руб'ям	70
руб'ями	70
руб'ях	70
руб'ї	70
руб'їв	70
руків'ю	70
руків'я	70
руків'ям	70
руків'ї	70
рум'яна	70
рум'яне	70
рум'янець	70
рум'янив	70
рум'янивсь	70
рум'янився	70
рум'яний	70
рум'янила	70
рум'янилась	70
рум'янилася	70
рум'янили	70
рум'янились	70
рум'янилися	70
рум'янило	70
рум'янилось	70
рум'янилося	70
рум'яним	70
рум'яними	70
рум'янимо	70
рум'янимось	70
рум'янимося	70
рум'яните	70
рум'янитесь	70
рум'янитеся	70
рум'янити	70
рум'янитись	70
рум'янитися	70
рум'янить	70
рум'яниться	70
рум'яних	70
рум'яниш	70
рум'янишся	70
рум'яно	70
рум'яного	70
рум'яному	70
рум'яності	70
рум'яною	70
рум'яної	70
рум'яну	70
рум'янцеві	70
рум'янцем	70
рум'янцю	70
рум'янцям	70
рум'янцями	70
рум'янцях	70
рум'янці	70
рум'янців	70
рум'янчик	70
рум'янчика	70
рум'янчикові	70
рум'янчиком	70
рум'янчику	70
рум'яню	70
рум'янюсь	70
рум'янюся	70
рум'янять	70
рум'яняться	70
рум'янячи	70
рум'яні	70
рум'янів	70
рум'янівсь	70
рум'янівся	70
рум'яній	70
рум'яніймо	70
рум'яніймось	70
рум'яніймося	70
рум'янійсь	70
рум'янійся	70
рум'янійте	70
рум'янійтесь	70
рум'янійтеся	70
рум'яніла	70
рум'янілась	70
рум'янілася	70
рум'яніли	70
рум'янілись	70
рум'янілися	70
рум'яніло	70
рум'янілось	70
рум'янілося	70
рум'янім	70
рум'яність	70
рум'яністю	70
рум'яніти	70
рум'янітись	70
рум'янітися	70
рум'янію	70
рум'яніюсь	70
рум'яніюся	70
рум'яніють	70
рум'яніються	70
рум'яніє	70
рум'яніємо	70
рум'яніємось	70
рум'яніємося	70
рум'янієте	70
рум'янієтесь	70
рум'янієтеся	70
рум'яніється	70
рум'янієш	70
рум'янієшся	70
рівноправ'ю	70
рівноправ'я	70
рівноправ'ям	70
рівноправ'ї	70
різнобарв'ю	70
різнобарв'я	70
різнобарв'ям	70
різнобарв'ї	70
різнотрав'ю	70
різнотрав'я	70
різнотрав'ям	70
різнотрав'ями	70
різнотрав'ях	70
різнотрав'ї	70
різнотрав'їв	70
сап'ян	70
сап'янам	70
сап'янами	70
сап'янах	70
сап'яни	70
сап'янова	70
сап'янове	70
сап'яновий	70
сап'яновим	70
сап'яновими	70
сап'янових	70
сап'янового	70
сап'яновому	70
сап'яновою	70
сап'янової	70
сап'янову	70
сап'янові	70
сап'яновій	70
сап'яновім	70
сап'яном	70
сап'яну	70
сап'янцям	70
сап'янцями	70
сап'янцях	70
сап'янці	70
сап'янців	70
сап'яні	70
сап'янів	70
свинопоголів'ю	70
свинопоголів'я	70
свинопоголів'ям	70
свинопоголів'ї	70
семизір'ю	70
семизір'я	70
семизір'ям	70
семизір'ями	70
семизір'ях	70
семизір'ї	70
семизір'їв	70
сиров'ялена	70
сиров'ялене	70
сиров'ялений	70
сиров'яленим	70
сиров'яленими	70
сиров'ялених	70
сиров'яленого	70
сиров'яленому	70
сиров'яленою	70
сиров'яленої	70
сиров'ялену	70
сиров'ялені	70
сиров'яленій	70
сиров'яленім	70
сиром'ятна	70
сиром'ятне	70
сиром'ятний	70
сиром'ятним	70
сиром'ятними	70
сиром'ятних	70
сиром'ятного	70
сиром'ятному	70
сиром'ятною	70
сиром'ятної	70
сиром'ятну	70
сиром'ятні	70
сиром'ятній	70
сиром'ятнім	70
скам'янив	70
скам'янила	70
скам'янили	70
скам'янило	70
скам'янимо	70
скам'яните	70
скам'янити	70
скам'янить	70
скам'яниш	70
скам'яню	70
скам'янять	70
скам'янів	70
скам'яній	70
скам'яніймо	70
скам'янійте	70
скам'яніла	70
скам'яніле	70
скам'яніли	70
скам'янілий	70
скам'янілим	70
скам'янілими	70
скам'янілих	70
скам'яніло	70
скам'янілого	70
скам'янілому	70
скам'янілостей	70
скам'янілостям	70
скам'янілостями	70
скам'янілостях	70
скам'янілості	70
скам'янілою	70
скам'янілої	70
скам'янілу	70
скам'янілі	70
скам'янілій	70
скам'янілім	70
скам'янілість	70
скам'янілістю	70
скам'янінню	70
скам'яніння	70
скам'янінням	70
скам'яніннями	70
скам'яніннях	70
скам'янінні	70
скам'янінь	70
скам'яніти	70
скам'янію	70
скам'яніють	70
скам'яніє	70
скам'яніємо	70
скам'янієте	70
скам'янієш	70
скип'яти	70
скип'ятив	70
скип'ятивсь	70
скип'ятився	70
скип'ятила	70
скип'ятилась	70
скип'ятилася	70
скип'ятили	70
скип'ятились	70
скип'ятилися	70
скип'ятило	70
скип'ятилось	70
скип'ятилося	70
скип'ятимо	70
скип'ятимось	70
скип'ятимося	70
скип'ятись	70
скип'ятися	70
скип'ятите	70
скип'ятитесь	70
скип'ятитеся	70
скип'ятити	70
скип'ятитись	70
скип'ятитися	70
скип'ятить	70
скип'ятиться	70
скип'ятиш	70
скип'ятишся	70
скип'ятять	70
скип'ятяться	70
скип'ятімо	70
скип'ятімось	70
скип'ятімося	70
скип'ятіть	70
скип'ятіться	70
скип'ячу	70
скип'ячусь	70
скип'ячуся	70
скров'янів	70
скров'яній	70
скров'яніймо	70
скров'янійте	70
скров'яніла	70
скров'яніли	70
скров'яніло	70
скров'янінню	70
скров'яніння	70
скров'янінням	70
скров'янінні	70
скров'яніти	70
скров'янію	70
скров'яніють	70
скров'яніє	70
скров'яніємо	70
скров'янієте	70
скров'янієш	70
слабозв'язана	70
слабозв'язане	70
слабозв'язаний	70
слабозв'язаним	70
слабозв'язаними	70
слабозв'язаних	70
слабозв'язаного	70
слабозв'язаному	70
слабозв'язаною	70
слабозв'язаної	70
слабозв'язану	70
слабозв'язані	70
слабозв'язаній	70
слабозв'язанім	70
слабопов'язана	70
слабопов'язане	70
слабопов'язаний	70
слабопов'язаним	70
слабопов'язаними	70
слабопов'язаних	70
слабопов'язаного	70
слабопов'язаному	70
слабопов'язаною	70
слабопов'язаної	70
слабопов'язану	70
слабопов'язані	70
слабопов'язаній	70
слабопов'язанім	70
славослів'ю	70
славослів'я	70
славослів'ям	70
славослів'ями	70
славослів'ях	70
славослів'ї	70
славослів'їв	70
слив'янка	70
слив'янки	70
слив'янкою	70
слив'янку	70
слив'янці	70
слов'ян	70
слов'янам	70
слов'янами	70
слов'янах	70
слов'яни	70
слов'янин	70
слов'янина	70
слов'янине	70
слов'янинові	70
слов'янином	70
слов'янину	70
слов'янині	70
слов'янка	70
слов'янкам	70
слов'янками	70
слов'янках	70
слов'янки	70
слов'янкою	70
слов'янку	70
слов'янознавств	70
слов'янознавства	70
слов'янознавствам	70
слов'янознавствами	70
слов'янознавствах	70
слов'янознавство	70
слов'янознавством	70
слов'янознавству	70
слов'янознавстві	70
слов'янок	70
слов'яносербська	70
слов'яносербське	70
слов'яносербський	70
слов'яносербським	70
слов'яносербськими	70
слов'яносербських	70
слов'яносербського	70
слов'яносербському	70
слов'яносербською	70
слов'яносербської	70
слов'яносербську	70
слов'яносербські	70
слов'яносербській	70
слов'яносербськім	70
слов'янофоб	70
слов'янофоба	70
слов'янофобам	70
слов'янофобами	70
слов'янофобах	70
слов'янофоби	70
слов'янофобові	70
слов'янофобом	70
слов'янофобств	70
слов'янофобства	70
слов'янофобствам	70
слов'янофобствами	70
слов'янофобствах	70
слов'янофобство	70
слов'янофобством	70
слов'янофобству	70
слов'янофобстві	70
слов'янофобу	70
слов'янофобі	70
слов'янофобів	70
слов'янофіл	70
слов'янофіла	70
слов'янофілам	70
слов'янофілами	70
слов'янофілах	70
слов'янофіли	70
слов'янофілові	70
слов'янофілом	70
слов'янофілу	70
слов'янофільств	70
слов'янофільства	70
слов'янофільствам	70
слов'янофільствами	70
слов'янофільствах	70
слов'янофільство	70
слов'янофільством	70
слов'янофільству	70
слов'янофільстві	70
слов'янофільська	70
слов'янофільське	70
слов'янофільський	70
слов'янофільським	70
слов'янофільськими	70
слов'янофільських	70
слов'янофільського	70
слов'янофільському	70
слов'янофільською	70
слов'янофільської	70
слов'янофільську	70
слов'янофільські	70
слов'янофільській	70
слов'янофільськім	70
слов'янофілі	70
слов'янофілів	70
слов'янства	70
слов'янство	70
слов'янством	70
слов'янству	70
слов'янстві	70
слов'янська	70
слов'янське	70
слов'янський	70
слов'янським	70
слов'янськими	70
слов'янських	70
слов'янського	70
слов'янському	70
слов'янською	70
слов'янської	70
слов'янську	70
слов'янські	70
слов'янській	70
слов'янськім	70
слов'янці	70
слов'янізована	70
слов'янізоване	70
слов'янізований	70
слов'янізованим	70
слов'янізованими	70
слов'янізованих	70
слов'янізованого	70
слов'янізованому	70
слов'янізованою	70
слов'янізованої	70
слов'янізовану	70
слов'янізовані	70
слов'янізованій	70
слов'янізованім	70
снопов'язалка	70
снопов'язалкам	70
снопов'язалками	70
снопов'язалках	70
снопов'язалки	70
снопов'язалкою	70
снопов'язалку	70
снопов'язалок	70
снопов'язалці	70
солов'ю	70
солов'я	70
солов'ям	70
солов'ями	70
солов'ях	70
солов'єві	70
солов'єм	70
солов'ї	70
солов'їв	70
солов'їна	70
солов'їне	70
солов'їний	70
солов'їним	70
солов'їними	70
солов'їних	70
солов'їно	70
солов'їного	70
солов'їному	70
солов'їною	70
солов'їної	70
солов'їну	70
солов'їні	70
солов'їній	70
солов'їнім	70
солом'яна	70
солом'яне	70
солом'яний	70
солом'яним	70
солом'яними	70
солом'яних	70
солом'яного	70
солом'яному	70
солом'яною	70
солом'яної	70
солом'яну	70
солом'яні	70
солом'яній	70
солом'янім	70
сором'язлива	70
сором'язливе	70
сором'язливий	70
сором'язливим	70
сором'язливими	70
сором'язливих	70
сором'язливо	70
сором'язливого	70
сором'язливому	70
сором'язливості	70
сором'язливою	70
сором'язливої	70
сором'язливу	70
сором'язливі	70
сором'язливій	70
сором'язливім	70
сором'язливість	70
сором'язливістю	70
соцзобов'язанню	70
соцзобов'язання	70
соцзобов'язанням	70
соцзобов'язаннями	70
соцзобов'язаннях	70
соцзобов'язанні	70
соцзобов'язань	70
сп'явсь	70
сп'явся	70
сп'ялась	70
сп'ялася	70
сп'ялись	70
сп'ялися	70
сп'ялось	70
сп'ялося	70
сп'янена	70
сп'янене	70
сп'янений	70
сп'яненим	70
сп'яненими	70
сп'янених	70
сп'яненого	70
сп'яненому	70
сп'яненою	70
сп'яненої	70
сп'янену	70
сп'янені	70
сп'яненій	70
сп'яненім	70
сп'яну	70
сп'янів	70
сп'яній	70
сп'яніймо	70
сп'янійте	70
сп'яніла	70
сп'яніле	70
сп'яніли	70
сп'янілий	70
сп'янілим	70
сп'янілими	70
сп'янілих	70
сп'яніло	70
сп'янілого	70
сп'янілому	70
сп'янілості	70
сп'янілою	70
сп'янілої	70
сп'янілу	70
сп'янілі	70
сп'янілій	70
сп'янілім	70
сп'янілість	70
сп'янілістю	70
сп'янінню	70
сп'яніння	70
сп'янінням	70
сп'яніннями	70
сп'яніннях	70
сп'янінні	70
сп'янінь	70
сп'яніти	70
сп'янію	70
сп'яніють	70
сп'яніє	70
сп'яніємо	70
сп'янієте	70
сп'янієш	70
сп'ястись	70
сп'ястися	70
спецзв'язкові	70
спецзв'язком	70
спецзв'язку	70
спецзв'язок	70
спов'ю	70
спов'юсь	70
спов'юся	70
спов'ють	70
спов'ються	70
спов'є	70
спов'ємо	70
спов'ємось	70
спов'ємося	70
спов'єте	70
спов'єтесь	70
спов'єтеся	70
спов'ється	70
спов'єш	70
спов'єшся	70
спом'янута	70
спом'януте	70
спом'янутий	70
спом'янутим	70
спом'янутими	70
спом'янутих	70
спом'янутого	70
спом'янутому	70
спом'янутою	70
спом'янутої	70
спом'януту	70
спом'януті	70
спом'янутій	70
спом'янутім	70
спільнослов'янська	70
спільнослов'янське	70
спільнослов'янський	70
спільнослов'янським	70
спільнослов'янськими	70
спільнослов'янських	70
спільнослов'янського	70
спільнослов'янському	70
спільнослов'янською	70
спільнослов'янської	70
спільнослов'янську	70
спільнослов'янські	70
спільнослов'янській	70
спільнослов'янськім	70
старослов'янська	70
старослов'янське	70
старослов'янський	70
старослов'янським	70
старослов'янськими	70
старослов'янських	70
старослов'янського	70
старослов'янському	70
старослов'янською	70
старослов'янської	70
старослов'янську	70
старослов'янські	70
старослов'янській	70
старослов'янськім	70
старослов'янізм	70
старослов'янізмам	70
старослов'янізмами	70
старослов'янізмах	70
старослов'янізми	70
старослов'янізмові	70
старослов'янізмом	70
старослов'янізму	70
старослов'янізмі	70
старослов'янізмів	70
стерв'ятник	70
стерв'ятника	70
стерв'ятникам	70
стерв'ятниками	70
стерв'ятниках	70
стерв'ятники	70
стерв'ятникові	70
стерв'ятником	70
стерв'ятнику	70
стерв'ятників	70
суб'єкт	70
суб'єкта	70
суб'єктам	70
суб'єктами	70
суб'єктах	70
суб'єкти	70
суб'єктивна	70
суб'єктивне	70
суб'єктивний	70
суб'єктивним	70
суб'єктивними	70
суб'єктивних	70
суб'єктивно	70
суб'єктивного	70
суб'єктивному	70
суб'єктивностей	70
суб'єктивностям	70
суб'єктивностями	70
суб'єктивностях	70
суб'єктивності	70
суб'єктивною	70
суб'єктивної	70
суб'єктивну	70
суб'єктивні	70
суб'єктивній	70
суб'єктивнім	70
суб'єктивність	70
суб'єктивністю	70
суб'єктивізм	70
суб'єктивізмові	70
суб'єктивізмом	70
суб'єктивізму	70
суб'єктивізмі	70
суб'єктивіст	70
суб'єктивіста	70
суб'єктивістам	70
суб'єктивістами	70
суб'єктивістах	70
суб'єктивісти	70
суб'єктивістові	70
суб'єктивістом	70
суб'єктивістська	70
суб'єктивістське	70
суб'єктивістський	70
суб'єктивістським	70
суб'єктивістськими	70
суб'єктивістських	70
суб'єктивістського	70
суб'єктивістському	70
суб'єктивістською	70
суб'єктивістської	70
суб'єктивістську	70
суб'єктивістські	70
суб'єктивістській	70
суб'єктивістськім	70
суб'єктивісту	70
суб'єктивісті	70
суб'єктивістів	70
суб'єктна	70
суб'єктне	70
суб'єктний	70
суб'єктним	70
суб'єктними	70
суб'єктних	70
суб'єктного	70
суб'єктному	70
суб'єктності	70
суб'єктною	70
суб'єктної	70
суб'єктну	70
суб'єктні	70
суб'єктній	70
суб'єктнім	70
суб'єктність	70
суб'єктністю	70
суб'єктові	70
суб'єктом	70
суб'єкту	70
суб'єкті	70
суб'єктів	70
сув'яззю	70
сув'язь	70
сув'язі	70
сузір'ю	70
сузір'я	70
сузір'ям	70
сузір'ями	70
сузір'ях	70
сузір'ї	70
сузір'їв	70
сум'яттю	70
сум'яття	70
сум'яттям	70
сум'яттями	70
сум'яттях	70
сум'ятті	70
сум'ять	70
суперкомп'ютер	70
суперкомп'ютера	70
суперкомп'ютерам	70
суперкомп'ютерами	70
суперкомп'ютерах	70
суперкомп'ютери	70
суперкомп'ютерна	70
суперкомп'ютерне	70
суперкомп'ютерний	70
суперкомп'ютерним	70
суперкомп'ютерними	70
суперкомп'ютерних	70
суперкомп'ютерного	70
суперкомп'ютерному	70
суперкомп'ютерною	70
суперкомп'ютерної	70
суперкомп'ютерну	70
суперкомп'ютерні	70
суперкомп'ютерній	70
суперкомп'ютернім	70
суперкомп'ютерові	70
суперкомп'ютером	70
суперкомп'ютеру	70
суперкомп'ютері	70
суперкомп'ютерів	70
сурм'яна	70
сурм'яне	70
сурм'яний	70
сурм'яним	70
сурм'яними	70
сурм'яних	70
сурм'яного	70
сурм'яному	70
сурм'яною	70
сурм'яної	70
сурм'яну	70
сурм'яні	70
сурм'яній	70
сурм'янім	70
східнослов'янська	70
східнослов'янське	70
східнослов'янський	70
східнослов'янським	70
східнослов'янськими	70
східнослов'янських	70
східнослов'янського	70
східнослов'янському	70
східнослов'янською	70
східнослов'янської	70
східнослов'янську	70
східнослов'янські	70
східнослов'янській	70
східнослов'янськім	70
сім'ю	70
сім'я	70
сім'явилиттю	70
сім'явилиття	70
сім'явилиттям	70
сім'явилитті	70
сім'явипорскуванню	70
сім'явипорскування	70
сім'явипорскуванням	70
сім'явипорскуванні	70
сім'ядолею	70
сім'ядолю	70
сім'ядоля	70
сім'ядолі	70
сім'ям	70
сім'ями	70
сім'яна	70
сім'яне	70
сім'яний	70
сім'яник	70
сім'яника	70
сім'яникам	70
сім'яниками	70
сім'яниках	70
сім'яники	70
сім'яникова	70
сім'яникове	70
сім'яниковий	70
сім'яниковим	70
сім'яниковими	70
сім'яникових	70
сім'яникового	70
сім'яниковому	70
сім'яниковою	70
сім'яникової	70
сім'яникову	70
сім'яникові	70
сім'яниковій	70
сім'яниковім	70
сім'яником	70
сім'янику	70
сім'яників	70
сім'яним	70
сім'яними	70
сім'янин	70
сім'янина	70
сім'янинам	70
сім'янинами	70
сім'янинах	70
сім'янини	70
сім'янинові	70
сім'янином	70
сім'янину	70
сім'янині	70
сім'янинів	70
сім'яних	70
сім'янка	70
сім'янки	70
сім'янкою	70
сім'янку	70
сім'яного	70
сім'яному	70
сім'яною	70
сім'яної	70
сім'яну	70
сім'янці	70
сім'яні	70
сім'яній	70
сім'янім	70
сім'ях	70
сім'єю	70
сім'ї	70
твердокам'яна	70
твердокам'яне	70
твердокам'яний	70
твердокам'яним	70
твердокам'яними	70
твердокам'яних	70
твердокам'яного	70
твердокам'яному	70
твердокам'яності	70
твердокам'яною	70
твердокам'яної	70
твердокам'яну	70
твердокам'яні	70
твердокам'яній	70
твердокам'янім	70
твердокам'яність	70
твердокам'яністю	70
телезв'язкові	70
телезв'язком	70
телезв'язку	70
телезв'язок	70
телеоб'єктив	70
телеоб'єктива	70
телеоб'єктивам	70
телеоб'єктивами	70
телеоб'єктивах	70
телеоб'єктиви	70
телеоб'єктивові	70
телеоб'єктивом	70
телеоб'єктиву	70
телеоб'єктиві	70
телеоб'єктивів	70
тер'єр	70
тер'єра	70
тер'єрам	70
тер'єрами	70
тер'єрах	70
тер'єри	70
тер'єрові	70
тер'єром	70
тер'єру	70
тер'єрі	70
тер'єрів	70
торф'яна	70
торф'яне	70
торф'яний	70
торф'яним	70
торф'яними	70
торф'яниста	70
торф'янисте	70
торф'янистий	70
торф'янистим	70
торф'янистими	70
торф'янистих	70
торф'янистого	70
торф'янистому	70
торф'янистості	70
торф'янистою	70
торф'янистої	70
торф'янисту	70
торф'янисті	70
торф'янистій	70
торф'янистім	70
торф'янистість	70
торф'янистістю	70
торф'яних	70
торф'яного	70
торф'яному	70
торф'яною	70
торф'яної	70
торф'яну	70
торф'яні	70
торф'яній	70
торф'янім	70
трав'яна	70
трав'яне	70
трав'яний	70
трав'яним	70
трав'яними	70
трав'яниста	70
трав'янисте	70
трав'янистий	70
трав'янистим	70
трав'янистими	70
трав'янистих	70
трав'янистого	70
трав'янистому	70
трав'янистості	70
трав'янистою	70
трав'янистої	70
трав'янисту	70
трав'янисті	70
трав'янистій	70
трав'янистім	70
трав'янистість	70
трав'янистістю	70
трав'яних	70
трав'янка	70
трав'янки	70
трав'янкою	70
трав'янку	70
трав'яного	70
трав'яному	70
трав'яною	70
трав'яної	70
трав'яну	70
трав'янці	70
трав'яні	70
трав'яній	70
трав'янім	70
транс'європейська	70
транс'європейське	70
транс'європейський	70
транс'європейським	70
транс'європейськими	70
транс'європейських	70
транс'європейського	70
транс'європейському	70
транс'європейською	70
транс'європейської	70
транс'європейську	70
транс'європейські	70
транс'європейській	70
транс'європейськім	70
трансп'ютер	70
трансп'ютера	70
трансп'ютерам	70
трансп'ютерами	70
трансп'ютерах	70
трансп'ютери	70
трансп'ютерові	70
трансп'ютером	70
трансп'ютеру	70
трансп'ютері	70
трансп'ютерів	70
тридев'ята	70
тридев'яте	70
тридев'ятий	70
тридев'ятим	70
тридев'ятими	70
тридев'ятих	70
тридев'ятого	70
тридев'ятому	70
тридев'ятою	70
тридев'ятої	70
тридев'яту	70
тридев'ять	70
тридев'яті	70
тридев'ятій	70
тридев'ятім	70
тім'я	70
тім'ям	70
тім'яна	70
тім'яне	70
тім'яний	70
тім'яним	70
тім'яними	70
тім'яних	70
тім'яного	70
тім'яному	70
тім'яною	70
тім'яної	70
тім'яну	70
тім'яні	70
тім'яній	70
тім'янім	70
тім'ят	70
тім'ята	70
тім'ятам	70
тім'ятами	70
тім'ятах	70
тім'яти	70
тім'яті	70
тім'ячка	70
тім'ячкам	70
тім'ячками	70
тім'ячках	70
тім'ячко	70
тім'ячком	70
тім'ячку	70
тім'ячок	70
уб'ю	70
уб'юсь	70
уб'юся	70
уб'ють	70
уб'ються	70
уб'є	70
уб'ємо	70
уб'ємось	70
уб'ємося	70
уб'єте	70
уб'єтесь	70
уб'єтеся	70
уб'ється	70
уб'єш	70
уб'єшся	70
ув'язав	70
ув'язавсь	70
ув'язався	70
ув'язай	70
ув'язаймо	70
ув'язаймось	70
ув'язаймося	70
ув'язайсь	70
ув'язайся	70
ув'язайте	70
ув'язайтесь	70
ув'язайтеся	70
ув'язала	70
ув'язалась	70
ув'язалася	70
ув'язали	70
ув'язались	70
ув'язалися	70
ув'язало	70
ув'язалось	70
ув'язалося	70
ув'язана	70
ув'язане	70
ув'язаний	70
ув'язаним	70
ув'язаними	70
ув'язаних	70
ув'язано	70
ув'язаного	70
ув'язаному	70
ув'язаною	70
ув'язаної	70
ув'язану	70
ув'язані	70
ув'язаній	70
ув'язанім	70
ув'язати	70
ув'язатись	70
ув'язатися	70
ув'язаю	70
ув'язаюсь	70
ув'язаюся	70
ув'язають	70
ув'язаються	70
ув'язає	70
ув'язаємо	70
ув'язаємось	70
ув'язаємося	70
ув'язаєте	70
ув'язаєтесь	70
ув'язаєтеся	70
ув'язається	70
ув'язаєш	70
ув'язаєшся	70
ув'язнена	70
ув'язнене	70
ув'язнений	70
ув'язненим	70
ув'язненими	70
ув'язнених	70
ув'язненню	70
ув'язнення	70
ув'язненням	70
ув'язненнями	70
ув'язненнях	70
ув'язненні	70
ув'язнено	70
ув'язненого	70
ув'язненому	70
ув'язненою	70
ув'язненої	70
ув'язнену	70
ув'язнень	70
ув'язнені	70
ув'язненій	70
ув'язненім	70
ув'язнив	70
ув'язнила	70
ув'язнили	70
ув'язнило	70
ув'язнимо	70
ув'язните	70
ув'язнити	70
ув'язнить	70
ув'язниш	70
ув'язню	70
ув'язнював	70
ув'язнювавсь	70
ув'язнювався	70
ув'язнювала	70
ув'язнювалась	70
ув'язнювалася	70
ув'язнювали	70
ув'язнювались	70
ув'язнювалися	70
ув'язнювало	70
ув'язнювалось	70
ув'язнювалося	70
ув'язнюванню	70
ув'язнювання	70
ув'язнюванням	70
ув'язнюванні	70
ув'язнювати	70
ув'язнюватись	70
ув'язнюватися	70
ув'язнюй	70
ув'язнюймо	70
ув'язнюймось	70
ув'язнюймося	70
ув'язнюйсь	70
ув'язнюйся	70
ув'язнюйте	70
ув'язнюйтесь	70
ув'язнюйтеся	70
ув'язнюю	70
ув'язнююсь	70
ув'язнююся	70
ув'язнюють	70
ув'язнюються	70
ув'язнює	70
ув'язнюємо	70
ув'язнюємось	70
ув'язнюємося	70
ув'язнюєте	70
ув'язнюєтесь	70
ув'язнюєтеся	70
ув'язнюється	70
ув'язнюєш	70
ув'язнюєшся	70
ув'язнять	70
ув'язував	70
ув'язувавсь	70
ув'язувався	70
ув'язувала	70
ув'язувалась	70
ув'язувалася	70
ув'язували	70
ув'язувались	70
ув'язувалися	70
ув'язувало	70
ув'язувалось	70
ув'язувалося	70
ув'язуванню	70
ув'язування	70
ув'язуванням	70
ув'язуванні	70
ув'язувати	70
ув'язуватись	70
ув'язуватися	70
ув'язуй	70
ув'язуймо	70
ув'язуймось	70
ув'язуймося	70
ув'язуйсь	70
ув'язуйся	70
ув'язуйте	70
ув'язуйтесь	70
ув'язуйтеся	70
ув'язую	70
ув'язуюсь	70
ув'язуюся	70
ув'язують	70
ув'язуються	70
ув'язує	70
ув'язуємо	70
ув'язуємось	70
ув'язуємося	70
ув'язуєте	70
ув'язуєтесь	70
ув'язуєтеся	70
ув'язується	70
ув'язуєш	70
ув'язуєшся	70
удев'яте	70
удев'ятеро	70
удев'ятьох	70
узголів'ю	70
узголів'я	70
узголів'ям	70
узголів'ями	70
узголів'ях	70
узголів'ї	70
узголів'їв	70
узгір'я	70
узгір'ям	70
узгір'ях	70
узгір'ї	70
узмор'ю	70
узмор'я	70
узмор'ям	70
узмор'ями	70
узмор'ях	70
узмор'ї	70
узмор'їв	70
ум'яв	70
ум'явсь	70
ум'явся	70
ум'яла	70
ум'ялась	70
ум'ялася	70
ум'яли	70
ум'ялись	70
ум'ялися	70
ум'яло	70
ум'ялось	70
ум'ялося	70
ум'ята	70
ум'яте	70
ум'яти	70
ум'ятий	70
ум'ятим	70
ум'ятими	70
ум'ятин	70
ум'ятина	70
ум'ятинам	70
ум'ятинами	70
ум'ятинах	70
ум'ятини	70
ум'ятиною	70
ум'ятину	70
ум'ятині	70
ум'ятись	70
ум'ятися	70
ум'ятих	70
ум'ятого	70
ум'ятому	70
ум'ятості	70
ум'ятою	70
ум'ятої	70
ум'яту	70
ум'яті	70
ум'ятій	70
ум'ятім	70
ум'ятість	70
ум'ятістю	70
уп'юсь	70
уп'юся	70
уп'ються	70
уп'яв	70
уп'явсь	70
уп'явся	70
уп'яла	70
уп'ялась	70
уп'ялася	70
уп'яли	70
уп'ялись	70
уп'ялися	70
уп'яло	70
уп'ялось	70
уп'ялося	70
уп'ясти	70
уп'ястись	70
уп'ястися	70
уп'яте	70
уп'ятеро	70
уп'ятьох	70
уп'ємось	70
уп'ємося	70
уп'єтесь	70
уп'єтеся	70
уп'ється	70
уп'єшся	70
усеслов'янська	70
усеслов'янське	70
усеслов'янський	70
усеслов'янським	70
усеслов'янськими	70
усеслов'янських	70
усеслов'янського	70
усеслов'янському	70
усеслов'янською	70
усеслов'янської	70
усеслов'янську	70
усеслов'янські	70
усеслов'янській	70
усеслов'янськім	70
ф'ючерс	70
ф'ючерсам	70
ф'ючерсами	70
ф'ючерсах	70
ф'ючерси	70
ф'ючерсна	70
ф'ючерсне	70
ф'ючерсний	70
ф'ючерсним	70
ф'ючерсними	70
ф'ючерсних	70
ф'ючерсного	70
ф'ючерсному	70
ф'ючерсною	70
ф'ючерсної	70
ф'ючерсну	70
ф'ючерсні	70
ф'ючерсній	70
ф'ючерснім	70
ф'ючерсові	70
ф'ючерсом	70
ф'ючерсу	70
ф'ючерсі	70
ф'ючерсів	70
фельд'єгерська	70
фельд'єгерське	70
фельд'єгерський	70
фельд'єгерським	70
фельд'єгерськими	70
фельд'єгерських	70
фельд'єгерського	70
фельд'єгерському	70
фельд'єгерською	70
фельд'єгерської	70
фельд'єгерську	70
фельд'єгерські	70
фельд'єгерській	70
фельд'єгерськім	70
фокстер'єр	70
фокстер'єра	70
фокстер'єрам	70
фокстер'єрами	70
фокстер'єрах	70
фокстер'єри	70
фокстер'єрові	70
фокстер'єром	70
фокстер'єру	70
фокстер'єрі	70
фокстер'єрів	70
фотооб'єктив	70
фотооб'єктива	70
фотооб'єктивам	70
фотооб'єктивами	70
фотооб'єктивах	70
фотооб'єктиви	70
фотооб'єктивові	70
фотооб'єктивом	70
фотооб'єктиву	70
фотооб'єктиві	70
фотооб'єктивів	70
харків'ян	70
харків'янам	70
харків'янами	70
харків'янах	70
харків'яни	70
харків'янин	70
харків'янина	70
харків'янинові	70
харків'янином	70
харків'янину	70
харків'янині	70
харків'янка	70
харків'янкам	70
харків'янками	70
харків'янках	70
харків'янки	70
харків'янкою	70
харків'янку	70
харків'янок	70
харків'янці	70
хлоп'я	70
хлоп'ям	70
хлоп'ят	70
хлоп'ята	70
хлоп'ятам	70
хлоп'ятами	70
хлоп'ятах	70
хлоп'яти	70
хлоп'ятка	70
хлоп'ятко	70
хлоп'ятком	70
хлоп'ятку	70
хлоп'яточка	70
хлоп'яточко	70
хлоп'яточком	70
хлоп'яточку	70
хлоп'яті	70
хлоп'яцтв	70
хлоп'яцтва	70
хлоп'яцтвам	70
хлоп'яцтвами	70
хлоп'яцтвах	70
хлоп'яцтво	70
хлоп'яцтвом	70
хлоп'яцтву	70
хлоп'яцтві	70
хлоп'яча	70
хлоп'яче	70
хлоп'ячий	70
хлоп'ячим	70
хлоп'ячими	70
хлоп'ячих	70
хлоп'ячого	70
хлоп'ячому	70
хлоп'ячості	70
хлоп'ячою	70
хлоп'ячої	70
хлоп'ячу	70
хлоп'ячі	70
хлоп'ячій	70
хлоп'ячім	70
хлоп'ячість	70
хлоп'ячістю	70
хом'як	70
хом'яка	70
хом'якам	70
хом'яками	70
хом'яках	70
хом'яки	70
хом'якова	70
хом'якове	70
хом'яковий	70
хом'яковим	70
хом'яковими	70
хом'якових	70
хом'якового	70
хом'яковому	70
хом'яковою	70
хом'якової	70
хом'якову	70
хом'якові	70
хом'яковій	70
хом'яковім	70
хом'яком	70
хом'яку	70
хом'яків	70
цап'юга	70
цап'юги	70
цап'югою	70
цап'югу	70
цап'юзі	70
церковнослов'янська	70
церковнослов'янське	70
церковнослов'янський	70
церковнослов'янським	70
церковнослов'янськими	70
церковнослов'янських	70
церковнослов'янського	70
церковнослов'янському	70
церковнослов'янською	70
церковнослов'янської	70
церковнослов'янську	70
церковнослов'янські	70
церковнослов'янській	70
церковнослов'янськім	70
черв'як	70
черв'яка	70
черв'якам	70
черв'яками	70
черв'яках	70
черв'яки	70
черв'якова	70
черв'якове	70
черв'яковий	70
черв'яковим	70
черв'яковими	70
черв'якових	70
черв'якового	70
черв'яковому	70
черв'яковою	70
черв'якової	70
черв'якову	70
черв'якові	70
черв'яковій	70
черв'яковім	70
черв'яком	70
черв'яку	70
черв'яків	70
черв'ячка	70
черв'ячкам	70
черв'ячками	70
черв'ячках	70
черв'ячки	70
черв'ячкові	70
черв'ячком	70
черв'ячку	70
черв'ячків	70
черв'ячна	70
черв'ячне	70
черв'ячний	70
черв'ячним	70
черв'ячними	70
черв'ячних	70
черв'ячного	70
черв'ячному	70
черв'ячною	70
черв'ячної	70
черв'ячну	70
черв'ячні	70
черв'ячній	70
черв'ячнім	70
черв'ячок	70
череп'яна	70
череп'яне	70
череп'яний	70
череп'яним	70
череп'яними	70
череп'яних	70
череп'яного	70
череп'яному	70
череп'яною	70
череп'яної	70
череп'яну	70
череп'яні	70
череп'яній	70
череп'янім	70
чолов'яг	70
чолов'яга	70
чолов'ягам	70
чолов'ягами	70
чолов'ягах	70
чолов'яги	70
чолов'ягою	70
чолов'ягу	70
чолов'язі	70
чіпев'ян	70
щоп'ятниці	70
юр'ївська	70
юр'ївське	70
юр'ївський	70
юр'ївським	70
юр'ївськими	70
юр'ївських	70
юр'ївського	70
юр'ївському	70
юр'ївською	70
юр'ївської	70
юр'ївську	70
юр'ївські	70
юр'ївській	70
юр'ївськім	70
ім'я	70
ім'ям	70
ім'ярек	70
ім'ярека	70
ім'ярекові	70
ім'яреком	70
ім'яреку	70
ім'ят	70
ім'ята	70
ім'ятам	70
ім'ятами	70
ім'ятах	70
ім'яти	70
ім'яті	70
ім'ячка	70
ім'ячкам	70
ім'ячками	70
ім'ячках	70
ім'ячко	70
ім'ячком	70
ім'ячку	70
ім'ячок	70
ін'єктивна	70
ін'єктивне	70
ін'єктивний	70
ін'єктивним	70
ін'єктивними	70
ін'єктивних	70
ін'єктивного	70
ін'єктивному	70
ін'єктивною	70
ін'єктивної	70
ін'єктивну	70
ін'єктивні	70
ін'єктивній	70
ін'єктивнім	70
ін'єкцій	70
ін'єкцію	70
ін'єкція	70
ін'єкціям	70
ін'єкціями	70
ін'єкціях	70
ін'єкцією	70
ін'єкції	70
інтер'єр	70
інтер'єра	70
інтер'єрам	70
інтер'єрами	70
інтер'єрах	70
інтер'єри	70
інтер'єрові	70
інтер'єром	70
інтер'єру	70
інтер'єрі	70
інтер'єрів	70
інтерв'ю	70
інтерв'ював	70
інтерв'ювавсь	70
інтерв'ювався	70
інтерв'ювала	70
інтерв'ювалась	70
інтерв'ювалася	70
інтерв'ювали	70
інтерв'ювались	70
інтерв'ювалися	70
інтерв'ювало	70
інтерв'ювалось	70
інтерв'ювалося	70
інтерв'юванню	70
інтерв'ювання	70
інтерв'юванням	70
інтерв'юваннями	70
інтерв'юваннях	70
інтерв'юванні	70
інтерв'ювань	70
інтерв'ювати	70
інтерв'юватись	70
інтерв'юватися	70
інтерв'юер	70
інтерв'юера	70
інтерв'юерам	70
інтерв'юерами	70
інтерв'юерах	70
інтерв'юери	70
інтерв'юерові	70
інтерв'юером	70
інтерв'юеру	70
інтерв'юері	70
інтерв'юерів	70
інтерв'юй	70
інтерв'юймо	70
інтерв'юймось	70
інтерв'юймося	70
інтерв'юйсь	70
інтерв'юйся	70
інтерв'юйте	70
інтерв'юйтесь	70
інтерв'юйтеся	70
інтерв'юю	70
інтерв'ююсь	70
інтерв'ююся	70
інтерв'юють	70
інтерв'юються	70
інтерв'ює	70
інтерв'юємо	70
інтерв'юємось	70
інтерв'юємося	70
інтерв'юєте	70
інтерв'юєтесь	70
інтерв'юєтеся	70
інтерв'юється	70
інтерв'юєш	70
інтерв'юєшся	70
інтерсуб'єктивна	70
інтерсуб'єктивне	70
інтерсуб'єктивний	70
інтерсуб'єктивним	70
інтерсуб'єктивними	70
інтерсуб'єктивних	70
інтерсуб'єктивного	70
інтерсуб'єктивному	70
інтерсуб'єктивності	70
інтерсуб'єктивною	70
інтерсуб'єктивної	70
інтерсуб'єктивну	70
інтерсуб'єктивні	70
інтерсуб'єктивній	70
інтерсуб'єктивнім	70
інтерсуб'єктивність	70
інтерсуб'єктивністю	70
інуп'як	70
ґав'яча	70
ґав'яче	70
ґав'ячий	70
ґав'ячим	70
ґав'ячими	70
ґав'ячих	70
ґав'ячого	70
ґав'ячому	70
ґав'ячою	70
ґав'ячої	70
ґав'ячу	70
ґав'ячі	70
ґав'ячій	70
ґав'ячім	70
